-- phpMyAdmin SQL Dump
-- version 5.2.1
-- https://www.phpmyadmin.net/
--
-- Host: 127.0.0.1
-- Generation Time: Apr 09, 2024 at 04:54 PM
-- Server version: 10.4.32-MariaDB
-- PHP Version: 8.2.12

SET SQL_MODE = "NO_AUTO_VALUE_ON_ZERO";
START TRANSACTION;
SET time_zone = "+00:00";


/*!40101 SET @OLD_CHARACTER_SET_CLIENT=@@CHARACTER_SET_CLIENT */;
/*!40101 SET @OLD_CHARACTER_SET_RESULTS=@@CHARACTER_SET_RESULTS */;
/*!40101 SET @OLD_COLLATION_CONNECTION=@@COLLATION_CONNECTION */;
/*!40101 SET NAMES utf8mb4 */;

--
-- Database: `baqmedb`
--

-- --------------------------------------------------------

--
-- Table structure for table `gebruikers`
--

CREATE TABLE `gebruikers` (
  `gebruiker_id` int(11) NOT NULL,
  `gebruikersnaam` varchar(255) NOT NULL,
  `wachtwoord` varchar(255) NOT NULL,
  `rol` enum('admin','user') NOT NULL DEFAULT 'user',
  `created_at` timestamp NOT NULL DEFAULT current_timestamp(),
  `updated` int(1) NOT NULL,
  `profilepicture` mediumblob DEFAULT NULL
) ENGINE=InnoDB DEFAULT CHARSET=utf8mb4 COLLATE=utf8mb4_general_ci;

--
-- Dumping data for table `gebruikers`
--

INSERT INTO `gebruikers` (`gebruiker_id`, `gebruikersnaam`, `wachtwoord`, `rol`, `created_at`, `updated`, `profilepicture`) VALUES
(1, 'marko@baqme.com', '$2y$10$h5BVl3iLECE0.ysuXqj7T.NHmZQQTKW22W7.RTV8RpdpOX0cFPpti', 'admin', '2024-04-08 11:06:31', 0, NULL),
(2, 'aramko@baqme.com', '$2y$10$qlSsh59/IhrX5I71eo8RMO8UusRnn1uHiwNQUzUEf8bkwWGu8KzHO', 'user', '2024-04-08 11:06:31', 0, NULL);

-- --------------------------------------------------------

--
-- Table structure for table `gps`
--

CREATE TABLE `gps` (
  `id` varchar(64) NOT NULL,
  `title` varchar(64) NOT NULL,
  `attribute_b2b` varchar(64) DEFAULT NULL,
  `attribute_firmware` varchar(256) DEFAULT NULL,
  `attribute_guarded` varchar(32) DEFAULT NULL,
  `attribute_alarm` varchar(32) DEFAULT NULL,
  `attribute_lastAlarm` varchar(128) DEFAULT NULL,
  `groupId` varchar(64) DEFAULT NULL,
  `uniqueId` varchar(64) DEFAULT NULL,
  `stat` varchar(64) DEFAULT NULL,
  `lastUpdate` varchar(256) DEFAULT NULL,
  `positionId` varchar(128) DEFAULT NULL,
  `geofenceIds` varchar(4096) DEFAULT NULL,
  `phone` varchar(64) DEFAULT NULL,
  `model` varchar(64) DEFAULT NULL,
  `contact` varchar(64) DEFAULT NULL,
  `category` varchar(64) DEFAULT NULL,
  `isDisabled` varchar(64) DEFAULT NULL,
  `positions_id` varchar(64) DEFAULT NULL,
  `positions_armed` varchar(32) DEFAULT NULL,
  `positions_charge` varchar(32) DEFAULT NULL,
  `positions_ignition` varchar(32) DEFAULT NULL,
  `positions_stat` varchar(64) DEFAULT NULL,
  `positions_distance` varchar(4096) DEFAULT NULL,
  `positions_totalDistance` varchar(4096) DEFAULT NULL,
  `positions_motion` varchar(32) DEFAULT NULL,
  `positions_batteryLevel` varchar(32) DEFAULT NULL,
  `positions_hours` varchar(128) DEFAULT NULL,
  `deviceId` varchar(64) DEFAULT NULL,
  `thisType` varchar(64) DEFAULT NULL,
  `protocol` varchar(64) DEFAULT NULL,
  `serverTime` varchar(256) DEFAULT NULL,
  `deviceTime` varchar(256) DEFAULT NULL,
  `fixTime` varchar(256) DEFAULT NULL,
  `outdated` varchar(32) DEFAULT NULL,
  `valid` varchar(32) DEFAULT NULL,
  `latitude` varchar(128) DEFAULT NULL,
  `longitude` varchar(128) DEFAULT NULL,
  `altitude` varchar(128) DEFAULT NULL,
  `speed` varchar(128) DEFAULT NULL,
  `course` varchar(128) DEFAULT NULL,
  `thisAddress` varchar(128) DEFAULT NULL,
  `accuracy` varchar(64) DEFAULT NULL,
  `network` varchar(256) DEFAULT NULL
) ENGINE=InnoDB DEFAULT CHARSET=utf8mb4 COLLATE=utf8mb4_general_ci;

--
-- Dumping data for table `gps`
--

INSERT INTO `gps` (`id`, `title`, `attribute_b2b`, `attribute_firmware`, `attribute_guarded`, `attribute_alarm`, `attribute_lastAlarm`, `groupId`, `uniqueId`, `stat`, `lastUpdate`, `positionId`, `geofenceIds`, `phone`, `model`, `contact`, `category`, `isDisabled`, `positions_id`, `positions_armed`, `positions_charge`, `positions_ignition`, `positions_stat`, `positions_distance`, `positions_totalDistance`, `positions_motion`, `positions_batteryLevel`, `positions_hours`, `deviceId`, `thisType`, `protocol`, `serverTime`, `deviceTime`, `fixTime`, `outdated`, `valid`, `latitude`, `longitude`, `altitude`, `speed`, `course`, `thisAddress`, `accuracy`, `network`) VALUES
('106265', 'BQ0047', '1', 'LK_CAR_TQ2020/10/14 11:12', '', '', '1701530651660', '76', '4710204455', 'offline', '2024-03-16T19:37:28.000+00:00', '3507274036', NULL, '', '', '', 'bicycle', '', '3507274036', '1', '', '', '4293392895', '0', '3883631.15', '', '0', '7876455000', '106265', NULL, 'h02', '2024-03-15T13:40:48.000+00:00', '2024-03-15T13:40:46.000+00:00', '2024-03-15T13:40:46.000+00:00', '', '1', '51.955713333333', '4.455085', '0', '0', '0', NULL, '0', NULL),
('106268', 'BQ0053', '1', 'LK_CAR_TQ2020/10/14 11:12', '', '', '1708591132577', '76', '4710205107', 'offline', '2024-03-19T08:06:35.000+00:00', '3515318850', NULL, '', '', '', 'bicycle', '', '3515318850', '1', '', '', '4293392895', '0', '3544843.81', '', '0', '14843296000', '106268', NULL, 'h02', '2024-03-18T11:51:47.000+00:00', '2024-03-18T11:51:42.000+00:00', '2024-03-13T14:05:55.000+00:00', '', '1', '51.95575', '4.4549016666667', '0', '0', '0', NULL, '0', NULL),
('106390', 'BQ0046', '1', 'LK_CAR_TQ2020/10/14 11:12', '', '', '1694247717760', '76', '4710205016', 'offline', '2024-03-10T15:26:49.000+00:00', '3467392239', NULL, '', '', '', 'bicycle', '', '3467392239', '1', '1', '1', '4294965759', '0', '3208498.35', '', '100', '17174443000', '106390', NULL, 'h02', '2024-03-03T11:13:28.000+00:00', '2024-03-03T11:13:27.000+00:00', '2024-03-03T11:13:27.000+00:00', '', '1', '51.912778333333', '4.4637783333333', '0', '0', '0', NULL, '0', NULL),
('106392', 'BQ0040', '1', 'LK_CAR_TQ2020/10/14 11:12', '', '', '1667202087341', '76', '4710201940', 'offline', '2024-02-28T08:43:46.000+00:00', '3455097388', NULL, '', '', '', 'bicycle', '', '3455097388', '1', '', '', '4285004287', '40.44', '2446648.05', '1', '0', '21229323792', '106392', NULL, 'h02', '2024-02-28T08:43:46.000+00:00', '2024-02-28T08:43:45.000+00:00', '2024-02-28T08:43:45.000+00:00', '', '1', '51.944486666667', '4.4826783333333', '0', '2', '352', NULL, '0', NULL),
('106453', 'BQ0058', '1', 'LK_CAR_TQ2020/10/14 11:12', '', '', '1693487659810', '76', '4710204808', 'offline', '2024-02-18T00:35:09.000+00:00', '3427568153', NULL, '', '', '', 'bicycle', '', '3427568153', '1', '1', '1', '4294965759', '0', '2969936.63', '', '100', '31690936381', '106453', NULL, 'h02', '2024-02-18T00:35:09.000+00:00', '1999-11-30T00:00:00.000+00:00', '2024-02-17T14:36:56.000+00:00', '', '1', '51.959841666667', '4.4718083333333', '0', '0', '0', NULL, '0', NULL),
('106617', 'BQ0050', '1', 'LK_CAR_TQ2020/10/14 11:12', '', '', '1684604259129', '76', '4710204559', 'offline', '2024-02-15T10:38:36.000+00:00', '3419973270', NULL, '', '', '', 'bicycle', '', '3419973270', '1', '1', '1', '4294965759', '0', '3320124.18', '1', '100', '64855868719', '106617', NULL, 'h02', '2024-02-15T10:38:36.000+00:00', '2024-02-15T10:38:35.000+00:00', '2024-02-15T10:38:35.000+00:00', '', '1', '51.955058333333', '4.4559416666667', '0', '7.1', '237', NULL, '0', NULL),
('106620', 'BQ0045', '1', 'LK_CAR_TQ2020/10/14 11:12', NULL, NULL, NULL, '76', '4710204380', 'offline', '2024-03-21T02:01:41.790+00:00', '3524851283', NULL, '', '', '', 'bicycle', '', '3524851283', '1', '', '', '4285004287', '0', '3572573.17', '', '20', '22682703000', '106620', NULL, 'h02', '2024-03-21T02:01:41.790+00:00', '2024-03-21T02:01:40.000+00:00', '2024-03-21T02:01:40.000+00:00', '', '1', '51.955543333333', '4.455075', '0', '0', '0', NULL, '0', NULL),
('106870', 'BQ0034', '1', 'LK_CAR_TQ2020/10/14 11:12', '', '', '1692041250639', '76', '4710205072', 'offline', '2024-03-09T12:58:36.000+00:00', '3488076754', NULL, '', '', '', 'bicycle', '', '3488076754', '1', '', '', '4293392895', '0', '3365651.52', '', '0', '23401899000', '106870', NULL, 'h02', '2024-03-09T12:58:36.000+00:00', '2024-03-09T12:58:35.000+00:00', '2024-03-09T12:58:35.000+00:00', '', '1', '51.955713333333', '4.4553416666667', '0', '0', '0', NULL, '0', NULL),
('106915', 'BQ0038', '1', 'LK_CAR_TQ2020/10/14 11:12', '', '', '1694767567934', '76', '4710204998', 'offline', '2024-03-19T13:58:37.000+00:00', '3519189280', NULL, '', '', '', 'bicycle', '', '3519189280', '1', '1', '1', '4294965759', '0', '3474538.3', '', '100', '18790799000', '106915', NULL, 'h02', '2024-03-19T13:54:52.000+00:00', '2024-03-19T13:54:49.000+00:00', '2024-03-06T14:04:56.000+00:00', '', '1', '51.919826666667', '4.4887133333333', '0', '0', '0', NULL, '0', NULL),
('107175', 'BQ0042', '1', 'LK_CAR_TQ2020/10/14 11:12', '', '', '1687612415234', '76', '4710203434', 'offline', '2024-02-22T21:02:58.000+00:00', '3441034907', NULL, '', '', '', 'bicycle', '', '3441034907', '1', '', '', '4293392895', '0', '2548594.16', '', '40', '62260415670', '107175', NULL, 'h02', '2024-02-22T21:02:58.000+00:00', '2024-02-22T21:02:57.000+00:00', '2024-02-22T21:02:57.000+00:00', '', '1', '52.025288333333', '5.651125', '0', '0', '0', NULL, '0', NULL),
('107314', 'BQ0039', '1', 'LK_CAR_TQ2020/10/14 11:12', '', '', '1664885771826', '76', '4710204895', 'offline', '2024-03-02T00:30:38.000+00:00', '3464036768', NULL, '', '', '', 'bicycle', '', '3464036768', '1', '1', '1', '4294965759', '0', '3098604.44', '', '100', '11164068000', '107314', NULL, 'h02', '2024-03-02T00:30:38.000+00:00', '2024-03-02T00:30:37.000+00:00', '2024-03-02T00:30:37.000+00:00', '', '1', '52.050511666667', '5.6300866666667', '0', '0', '248', NULL, '0', NULL),
('107326', 'BQ0028', '1', 'LK_CAR_TQ2020/10/14 11:12', '1', '', '1696669914626', '76', '4710204430', 'offline', '2024-02-04T17:20:48.000+00:00', '3392987644', NULL, '', '', '', 'bicycle', '', '3392987644', '1', '1', '1', '4294965759', '0', '3186000.42', '', '20', '53413347853', '107326', NULL, 'h02', '2024-02-04T16:47:06.000+00:00', '1999-11-30T00:00:00.000+00:00', '2023-12-21T16:15:06.000+00:00', '', '1', '51.95636', '4.48979', '0', '0', '346', NULL, '0', NULL),
('111276', 'BQ0060', '1', 'LK_CAR_TQ2020/10/14 11:12', NULL, NULL, NULL, '76', '4710204694', 'offline', '2024-02-23T10:01:23.000+00:00', '3441942902', NULL, '', '', '', 'bicycle', '', '3441942902', '1', '1', '1', '4294965759', '0', '3256839.32', '', '40', '26442861000', '111276', NULL, 'h02', '2024-02-23T10:01:23.000+00:00', '1999-11-30T00:00:00.000+00:00', '2024-02-22T14:03:52.000+00:00', '', '1', '51.919636666667', '4.51143', '0', '0', '0', NULL, '0', NULL),
('111282', 'BQ0064', '1', 'LK_CAR_TQ2020/10/14 11:12', NULL, NULL, NULL, '76', '4710204583', 'offline', '2024-03-07T04:01:30.000+00:00', '3479396354', NULL, '', '', '', 'bicycle', '', '3479396354', '1', '', '', '4293392895', '0', '3443516.65', '', '0', '13829458000', '111282', NULL, 'h02', '2024-03-06T18:04:53.000+00:00', '2024-03-06T18:04:52.000+00:00', '2024-03-06T18:04:52.000+00:00', '', '1', '51.916821666667', '4.485515', '0', '0', '0', NULL, '0', NULL),
('111287', 'BQ0068', '1', 'LK_CAR_TQ2020/10/14 11:12', NULL, NULL, NULL, '76', '4710204366', 'offline', '2024-02-14T14:23:35.000+00:00', '3417919260', NULL, '', '', '', 'bicycle', '', '3417919260', '1', '1', '1', '4294965759', '0', '3535779.46', '', '100', '71285674806', '111287', NULL, 'h02', '2024-02-14T14:23:35.000+00:00', '2024-02-14T14:23:34.000+00:00', '2024-02-14T14:23:34.000+00:00', '', '1', '51.937176666667', '4.4809933333333', '0', '0', '270', NULL, '0', NULL),
('111795', 'BQ0062', '1', 'LK_CAR_TQ2020/10/14 11:12', '', '', '1665306096535', '76', '4710205266', 'offline', '2024-02-24T13:49:38.000+00:00', '3445187868', NULL, '', '', '', 'bicycle', '', '3445187868', '1', '1', '1', '4294965759', '0', '3156963.62', '', '100', '30034752899', '111795', NULL, 'h02', '2024-02-24T13:49:38.000+00:00', '2024-02-24T13:49:37.000+00:00', '2024-02-24T13:49:37.000+00:00', '', '1', '51.921266666667', '4.488605', '0', '0', '0', NULL, '0', NULL),
('116785', 'BQ0071', '1', 'LK_CAR_TQ2020/10/14 11:12', '', '', '1649242724157', '76', '4710204729', 'offline', '2024-03-11T06:06:57.000+00:00', '3492263692', NULL, '', '', '', 'bicycle', '', '3492263692', '1', '', '', '4293392895', '0', '3235072.53', '', '0', '12554480000', '116785', NULL, 'h02', '2024-03-11T06:06:57.000+00:00', '2024-03-11T06:06:55.000+00:00', '2024-03-11T06:06:55.000+00:00', '', '1', '51.929216666667', '4.5034683333333', '0', '0', '0', NULL, '0', NULL),
('117481', 'BQ0073', '1', 'LK_CAR_TQ2020/10/14 11:12', '', '', '1684505095272', '76', '4710205110', 'offline', '2024-03-20T18:48:27.002+00:00', '3524511515', NULL, '', '', '', 'bicycle', '', '3524511515', '1', '1', '1', '4294965759', '0', '3263941.65', '', '100', '89694980000', '117481', NULL, 'h02', '2024-03-20T18:48:27.002+00:00', '2024-03-20T18:48:26.000+00:00', '2024-03-20T18:48:26.000+00:00', '', '1', '51.910495', '4.47802', '0', '0', '170', NULL, '0', NULL),
('117489', 'BQ0074', '1', 'LK_CAR_TQ2020/10/14 11:12', '', '', '1664554661148', '76', '4710205308', 'offline', '2024-03-11T12:04:59.000+00:00', '3492063861', NULL, '', '', '', 'bicycle', '', '3492063861', '1', '', '', '4293392895', '0', '3185051.67', '', '5', '18076923000', '117489', NULL, 'h02', '2024-03-11T02:04:59.000+00:00', '2024-03-11T02:04:58.000+00:00', '2024-03-11T02:04:58.000+00:00', '', '1', '51.923085', '4.4705816666667', '0', '0', '0', NULL, '0', NULL),
('121874', 'BQ0094', '1', 'LK_CAR_TQ2020/10/14 11:12', '', '', '1681910183518', '77', '4710204913', 'offline', '2024-02-29T11:44:06.000+00:00', '3458892317', NULL, '', '', '', 'bicycle', '', '3458892317', '1', '1', '1', '4294965759', '0', '2616549.53', '', '100', '8237600000', '121874', NULL, 'h02', '2024-02-29T11:42:34.000+00:00', '2024-02-29T11:42:32.000+00:00', '2024-02-18T00:05:48.000+00:00', '', '1', '51.91912', '4.4895266666667', '0', '0', '0', NULL, '0', NULL),
('134437', 'BQ0096', '1', 'LK_CAR_TQ2020/10/14 11:12', '', '', '1703163827192', '77', '4710204456', 'offline', '2024-03-09T06:05:45.000+00:00', '3486828106', NULL, '', '', '', 'bicycle', '', '3486828106', '1', '', '', '4293392895', '0', '3235655.22', '', '0', '8099285000', '134437', NULL, 'h02', '2024-03-09T06:05:45.000+00:00', '2024-03-09T06:05:44.000+00:00', '2024-03-09T06:05:44.000+00:00', '', '1', '51.95578', '4.4550833333333', '0', '0', '0', NULL, '0', NULL),
('134440', 'BQ0099', '1', 'LK_CAR_TQ2020/10/14 11:12', '', '', '1673559700049', '77', '4710205124', 'offline', '2024-03-09T08:02:43.000+00:00', '3484565246', NULL, '', '', '', 'bicycle', '', '3484565246', '1', '1', '1', '4294965759', '0', '2560974.09', '', '5', '23053611000', '134440', NULL, 'h02', '2024-03-08T12:01:53.000+00:00', '1999-11-30T00:00:00.000+00:00', '2024-03-04T14:05:08.000+00:00', '', '1', '51.903771666667', '4.4851316666667', '0', '0', '0', NULL, '0', NULL),
('134441', 'BQ0100', '1', 'LK_CAR_TQ2020/10/14 11:12', '', '', '1644562566757', '77', '4710205091', 'offline', '2024-02-14T15:48:40.000+00:00', '3418254383', NULL, '', '', '', 'bicycle', '', '3418254383', '1', '1', '1', '4294965759', '0', '2824080.64', '', '100', '17827782000', '134441', NULL, 'h02', '2024-02-14T15:48:40.000+00:00', '2024-02-14T15:48:39.000+00:00', '2024-02-14T15:48:39.000+00:00', '', '1', '51.938808333333', '4.46991', '0', '0', '94', NULL, '0', NULL),
('134442', 'BQ0101', '1', 'LK_CAR_TQ2020/10/14 11:12', '', '', '1703678861786', '77', '4710205052', 'offline', '2024-03-13T08:04:55.000+00:00', '3498807917', NULL, '', '', '', 'bicycle', '', '3498807917', '1', '', '', '4293392895', '0', '2746612.9', '', '0', '10251216000', '134442', NULL, 'h02', '2024-03-13T08:04:55.000+00:00', '2024-03-13T08:04:53.000+00:00', '2024-03-13T08:04:53.000+00:00', '', '1', '51.935816666667', '4.4709083333333', '0', '0', '0', NULL, '0', NULL),
('134446', 'BQ0105', '1', 'LK_CAR_TQ2020/10/14 11:12', '', '', '1678565435933', '77', '4710204911', 'offline', '2024-03-21T02:05:51.764+00:00', '3524857216', NULL, '', '', '', 'bicycle', '', '3524857216', '1', '', '', '4293392895', '0', '6475977.85', '', '60', '19681933264', '134446', NULL, 'h02', '2024-03-21T02:05:51.764+00:00', '2024-03-21T02:05:50.000+00:00', '2024-03-21T02:05:50.000+00:00', '', '1', '51.955335', '4.453665', '0', '0', '0', NULL, '0', NULL),
('134470', 'BQ0104', '1', 'LK_CAR_TQ2020/10/14 11:12', '', '', '1686032407278', '77', '4710204445', 'offline', '2024-03-17T10:54:35.000+00:00', '3512003817', NULL, '', '', '', 'bicycle', '', '3512003817', '1', '1', '1', '4294965759', '0', '2972550.94', '1', '100', '9437635000', '134470', NULL, 'h02', '2024-03-17T10:53:17.000+00:00', '2024-03-17T10:53:16.000+00:00', '2024-03-17T10:53:16.000+00:00', '', '1', '51.922695', '4.526425', '0', '2.2', '285', NULL, '0', NULL),
('137514', 'BQ0098', '1', 'LK_CAR_TQ2020/10/14 11:12', '', '', '1688733550626', '77', '4710204421', 'offline', '2024-03-17T09:40:53.000+00:00', '3511686496', NULL, '', '', '', 'bicycle', '', '3511686496', '1', '1', '1', '4294965759', '0', '3390801.61', '', '100', '6779711000', '137514', NULL, 'h02', '2024-03-17T09:40:53.000+00:00', '2024-03-17T09:40:52.000+00:00', '2024-03-17T09:40:52.000+00:00', '', '1', '51.922353333333', '4.46928', '0', '0', '12', NULL, '0', NULL),
('143430', 'BQ0070', '1', 'LK_CAR_TQ2020/10/14 11:12', '', '', '1683988169247', '76', '4710225598', 'offline', '2024-03-20T06:05:02.000+00:00', '3521049736', NULL, '', '', '', 'bicycle', '', '3521049736', '1', '', '', '4293392895', '0', '2970640.57', '', '100', '21947777000', '143430', NULL, 'h02', '2024-03-20T06:05:02.000+00:00', '2024-03-20T06:05:00.000+00:00', '2024-03-20T06:05:00.000+00:00', '', '1', '51.955076666667', '4.4541333333333', '0', '0', '0', NULL, '0', NULL),
('146345', 'BQ0118', '1', 'LK_CAR_TQ2020/10/14 11:12', NULL, NULL, NULL, '77', '4710224775', 'offline', '2024-03-19T20:07:54.000+00:00', '3510977472', NULL, '', '', '', 'bicycle', '', '3510977472', '1', '', '', '4293392895', '0', '4616396.55', '', '5', '26031190799', '146345', NULL, 'h02', '2024-03-16T18:04:59.000+00:00', '2024-03-16T18:04:58.000+00:00', '2024-03-16T18:04:58.000+00:00', '', '1', '51.955541666667', '4.455795', '0', '0', '0', NULL, '0', NULL),
('146347', 'BQ0108', '1', 'LK_CAR_TQ2020/10/14 11:12', '', '', '1707346853109', '76', '4710225540', 'offline', '2024-03-21T09:02:24.743+00:00', '3525733731', NULL, '', '', '', 'bicycle', '', '3525733731', '1', '', '', '4285004287', '0', '2576907.28', '', '0', '18805421054', '146347', NULL, 'h02', '2024-03-21T08:58:36.948+00:00', '2024-03-21T08:58:34.000+00:00', '2024-03-21T08:34:15.000+00:00', '1', '1', '51.95561', '4.4552483333333', '0', '0', '265', NULL, '0', NULL),
('146355', 'BQ0116', '1', 'LK_CAR_TQ2020/10/14 11:12', '', '', '1706350795563', '77', '4710225359', 'offline', '2024-03-10T02:07:51.000+00:00', '3486508024', NULL, '', '', '', 'bicycle', '', '3486508024', '1', '', '', '4293392895', '0', '2684989.19', '', '0', '15508541000', '146355', NULL, 'h02', '2024-03-08T20:04:57.000+00:00', '2024-03-08T20:04:55.000+00:00', '2024-03-08T20:04:55.000+00:00', '', '1', '51.95584', '4.4562733333333', '0', '0', '0', NULL, '0', NULL),
('146356', 'BQ0107', '1', 'LK_CAR_TQ2020/10/14 11:12', '', '', '1687188659340', '77', '4710224748', 'offline', '2024-02-17T12:53:35.000+00:00', '3426254444', NULL, '', '', '', 'bicycle', '', '3426254444', '1', '1', '1', '4294965759', '0', '2269453.83', '', '100', '13607831000', '146356', NULL, 'h02', '2024-02-17T12:53:05.000+00:00', '2024-02-17T12:53:02.000+00:00', '2024-02-07T22:04:56.000+00:00', '', '1', '51.955886666667', '4.455105', '0', '0', '0', NULL, '0', NULL),
('146358', 'BQ0115', '1', 'LK_CAR_TQ2020/10/14 11:12', '', '', '1688825696737', '76', '4710225610', 'offline', '2024-03-05T22:05:52.000+00:00', '3476346407', NULL, '', '', '', 'bicycle', '', '3476346407', '1', '', '', '4293392895', '0', '2558561.62', '', '0', '14397025000', '146358', NULL, 'h02', '2024-03-05T22:05:52.000+00:00', '2024-03-05T22:05:51.000+00:00', '2024-03-05T22:05:51.000+00:00', '', '1', '51.914035', '4.495925', '0', '0', '0', NULL, '0', NULL),
('146455', 'BQ0111', '1', 'LK_CAR_TQ2020/10/14 11:12', '', '', '1671205997554', '77', '4710224880', 'offline', '2024-03-10T18:40:50.000+00:00', '3491821755', NULL, '', '', '', 'bicycle', '', '3491821755', '1', '1', '1', '4294965759', '0', '2596866.2', '', '100', '18557777000', '146455', NULL, 'h02', '2024-03-10T18:40:49.000+00:00', '2024-03-10T18:40:42.000+00:00', '2024-03-06T22:03:14.000+00:00', '', '1', '51.930338333333', '4.5038033333333', '0', '0', '0', NULL, '0', NULL),
('146632', 'BQ0128', '1', 'LK_CAR_TQ2020/10/14 11:12', '', '', '1705931740092', '77', '4710225262', 'offline', '2024-03-11T07:35:17.000+00:00', '3492557164', NULL, '', '', '', 'bicycle', '', '3492557164', '1', '1', '1', '4294965759', '0', '2468789.43', '', '0', '38315869000', '146632', NULL, 'h02', '2024-03-11T07:35:17.000+00:00', '1999-11-30T00:00:00.000+00:00', '2024-03-10T21:37:52.000+00:00', '', '1', '51.955865', '4.45524', '0', '0', '0', NULL, '0', NULL),
('146646', 'BQ0121', '1', 'LK_CAR_TQ2020/10/14 11:12', '1', '', '1687048370493', '77', '4710225396', 'offline', '2024-02-23T18:03:50.000+00:00', '3443562941', NULL, '', '', '', 'bicycle', '', '3443562941', '1', '', '', '4293392895', '0', '2569931.65', '', '20', '21295556736', '146646', NULL, 'h02', '2024-02-23T18:03:50.000+00:00', '2024-02-23T18:03:49.000+00:00', '2024-02-23T18:03:49.000+00:00', '', '1', '51.91171', '4.491765', '0', '0', '0', NULL, '0', NULL),
('146647', 'BQ0130', '1', 'LK_CAR_TQ2020/10/14 11:12', '', '', '1698259707829', '77', '4710204759', 'offline', '2024-03-17T12:52:38.000+00:00', '3512594338', NULL, '', '', '', 'bicycle', '', '3512594338', '1', '', '', '4016568831', '0', '2669586.94', '', '0', '3904455000', '146647', NULL, 'h02', '2024-03-17T12:52:38.000+00:00', '2024-03-17T12:52:37.000+00:00', '2024-03-17T12:52:37.000+00:00', '', '1', '51.930016666667', '4.49128', '0', '0', '163', NULL, '0', NULL),
('146648', 'BQ0125', '1', 'LK_CAR_TQ2020/10/14 11:12', '', '', '1704369108327', '77', '4710225513', 'offline', '2024-03-11T21:18:08.000+00:00', '3494901337', NULL, '', '', '', 'bicycle', '', '3494901337', '1', '1', '1', '4294965759', '0', '2734386.7', '', '5', '37731164000', '146648', NULL, 'h02', '2024-03-11T21:16:15.000+00:00', '1999-11-30T00:00:00.000+00:00', '2024-02-29T13:34:04.000+00:00', '', '1', '51.955706666667', '4.4550666666667', '0', '0', '0', NULL, '0', NULL),
('146649', 'BQ0127', '1', 'LK_CAR_TQ2020/10/14 11:12', '', '', '1662803225444', '77', '4710225299', 'offline', '2024-03-15T14:42:01.000+00:00', '3507576194', NULL, '', '', '', 'bicycle', '', '3507576194', '1', '1', '1', '4286577151', '0', '2879628.51', '', '0', '8669902000', '146649', NULL, 'h02', '2024-03-15T14:41:58.000+00:00', '2024-03-15T14:40:10.000+00:00', '2024-03-15T13:04:21.000+00:00', '', '1', '51.923061666667', '4.4691616666667', '0', '0', '0', NULL, '0', NULL),
('146650', 'BQ0123', '1', 'LK_CAR_TQ2020/10/14 11:12', '', '', '1674132734301', '77', '4710225525', 'offline', '2024-03-06T09:32:18.000+00:00', '3477303877', NULL, '', '', '', 'bicycle', '', '3477303877', '1', '1', '1', '4294834687', '0', '2801965.99', '', '0', '16612313000', '146650', NULL, 'h02', '2024-03-06T09:32:17.000+00:00', '1999-11-30T00:00:00.000+00:00', '2024-03-06T09:28:19.000+00:00', '', '1', '51.91708', '4.445325', '0', '0', '169', NULL, '0', NULL),
('147773', 'BQ0158', '1', 'LK_CAR_TQ2020/10/14 11:12', '', '', '1701008495591', '76', '4710225584', 'offline', '2024-02-23T08:04:46.000+00:00', '3441638400', NULL, '', '', '', 'bicycle', '', '3441638400', '1', '', '', '4293392895', '0', '2827697.7', '', '60', '17315490150', '147773', NULL, 'h02', '2024-02-23T08:04:46.000+00:00', '2024-02-23T08:04:44.000+00:00', '2024-02-23T08:04:44.000+00:00', '', '1', '51.959288333333', '4.5032566666667', '0', '0', '0', NULL, '0', NULL),
('147774', 'BQ0151', '1', 'LK_CAR_TQ2020/10/14 11:12', '', '', '1685185175645', '76', '4710203441', 'offline', '2024-02-11T12:49:07.000+00:00', '3409753151', NULL, '', '', '', 'bicycle', '', '3409753151', '1', '1', '1', '4294965759', '0', '2718947.2', '', '100', '42767923954', '147774', NULL, 'h02', '2024-02-11T12:49:07.000+00:00', '2024-02-11T12:49:05.000+00:00', '2024-02-11T12:49:05.000+00:00', '', '1', '51.945921666667', '4.4856633333333', '0', '0', '135', NULL, '0', NULL),
('147777', 'BQ0155', '1', 'LK_CAR_TQ2020/10/14 11:12', '', '', NULL, '76', '4710225271', 'offline', '2024-03-11T16:05:29.000+00:00', '3494277751', NULL, '', '', '', 'bicycle', '', '3494277751', '1', '', '', '4293392895', '0', '2920248.83', '', '0', '12574577000', '147777', NULL, 'h02', '2024-03-11T16:05:29.000+00:00', '2024-03-11T16:05:27.000+00:00', '2024-03-11T16:05:27.000+00:00', '', '1', '51.955745', '4.455375', '0', '0', '0', NULL, '0', NULL),
('147779', 'BQ0159', '1', 'LK_CAR_TQ2020/10/14 11:12', '', '', '1691289092742', '76', '4710225166', 'offline', '2024-03-20T12:40:36.000+00:00', '3522762383', NULL, '', '', '', 'bicycle', '', '3522762383', '1', '1', '1', '4294834687', '0', '2805774.57', '', '100', '7493156000', '147779', NULL, 'h02', '2024-03-20T12:38:57.000+00:00', '1999-11-30T00:00:00.000+00:00', '2024-03-20T12:38:30.000+00:00', '', '1', '51.91435', '4.52095', '0', '0', '205', NULL, '0', NULL),
('147780', 'BQ0154', '1', 'LK_CAR_TQ2020/10/14 11:12', '', '', '1704631204437', '76', '4710225268', 'offline', '2024-03-12T02:51:10.000+00:00', '3492370608', NULL, '', '', '', 'bicycle', '', '3492370608', '1', '', '', '4293392895', '0', '2781486.03', '', '0', '7460866000', '147780', NULL, 'h02', '2024-03-11T06:48:00.000+00:00', '2024-03-11T06:47:58.000+00:00', '2024-03-11T06:47:58.000+00:00', '', '1', '51.955683333333', '4.45539', '0', '0', '0', NULL, '0', NULL),
('147829', 'BQ0161', '1', 'LK_CAR_TQ2020/10/14 11:12', '', '', '1689863328095', '76', '4710225531', 'offline', '2024-03-09T21:36:40.000+00:00', '3489516340', NULL, '', '', '', 'bicycle', '', '3489516340', '1', '', '', '4293392895', '0', '2613700.37', '', '0', '11328039188', '147829', NULL, 'h02', '2024-03-09T21:33:50.000+00:00', '2024-03-09T21:33:49.000+00:00', '2024-03-09T21:33:49.000+00:00', '', '1', '51.91947', '4.4760783333333', '0', '0', '0', NULL, '0', NULL),
('148429', 'BQ0169', '1', 'LK_CAR_TQ2020/10/14 11:12', NULL, NULL, NULL, '76', '4710224833', 'offline', '2024-03-17T16:04:49.000+00:00', '3513518696', NULL, '', '', '', 'bicycle', '', '3513518696', '1', '', '', '4293392895', '0', '2699281.82', '', '0', '9277661000', '148429', NULL, 'h02', '2024-03-17T16:04:49.000+00:00', '2024-03-17T16:04:47.000+00:00', '2024-03-17T16:04:47.000+00:00', '', '1', '51.955806666667', '4.454905', '0', '0', '0', NULL, '0', NULL),
('148430', 'BQ0174', '1', 'LK_CAR_TQ2020/10/14 11:12', NULL, NULL, NULL, '76', '4710225476', 'offline', '2024-03-09T08:02:27.000+00:00', '3486944412', NULL, '', '', '', 'bicycle', '', '3486944412', '1', '1', '1', '4294965759', '0', '3094544.32', '', '0', '10577168000', '148430', NULL, 'h02', '2024-03-09T08:02:27.000+00:00', '1999-11-30T00:00:00.000+00:00', '2024-03-09T08:02:07.000+00:00', '', '1', '51.955693333333', '4.4553933333333', '0', '0', '0', NULL, '0', NULL),
('148431', 'BQ0173', '1', 'LK_CAR_TQ2020/10/14 11:12', '', '', '1664351850825', '76', '4710224194', 'offline', '2024-03-02T12:39:32.000+00:00', '3465112030', NULL, '', '', '', 'bicycle', '', '3465112030', '1', '1', '1', '4294965759', '0', '1880019.42', '', '100', '17163751000', '148431', NULL, 'h02', '2024-03-02T12:37:03.000+00:00', '2024-03-02T12:37:01.000+00:00', '2024-01-10T12:09:25.000+00:00', '', '1', '52.029001666667', '5.6713183333333', '0', '0', '191', NULL, '0', NULL),
('148433', 'BQ0179', '1', 'LK_CAR_TQ2020/10/14 11:12', '', '', NULL, '76', '4710224167', 'offline', '2024-02-09T13:47:11.000+00:00', '3405641623', NULL, '', '', '', 'bicycle', '', '3405641623', '1', '1', '1', '4294965759', '0', '2367730.35', '', '100', '15778520000', '148433', NULL, 'h02', '2024-02-09T13:47:11.000+00:00', '2024-02-09T13:47:10.000+00:00', '2024-02-09T13:47:10.000+00:00', '', '1', '51.910565', '4.4824066666667', '0', '0', '144', NULL, '0', NULL),
('148434', 'BQ0178', '1', 'LK_CAR_TQ2020/10/14 11:12', '', '', '1683561674616', '76', '4710224830', 'offline', '2024-03-03T10:30:25.000+00:00', '3467183549', NULL, '', '', '', 'bicycle', '', '3467183549', '', '1', '1', '4294966271', '0', '2347781.5', '', '100', '44944226245', '148434', NULL, 'h02', '2024-03-03T10:30:25.000+00:00', '2024-03-03T10:30:23.000+00:00', '2024-03-03T10:30:23.000+00:00', '', '1', '51.960083333333', '4.5025583333333', '0', '0', '303', NULL, '0', NULL),
('148437', 'BQ0175', '1', 'LK_CAR_TQ2020/10/14 11:12', '', '', '1688402462881', '76', '4710225293', 'offline', '2024-03-17T12:42:49.000+00:00', '3512539075', NULL, '', '', '', 'bicycle', '', '3512539075', '1', '', '', '4285004287', '0', '2736390.93', '', '100', '15336538000', '148437', NULL, 'h02', '2024-03-17T12:41:53.000+00:00', '2024-03-17T12:41:50.000+00:00', '2024-03-17T12:37:54.000+00:00', '', '1', '51.928846666667', '4.5075083333333', '0', '0', '0', NULL, '0', NULL),
('148441', 'BQ0171', '1', 'LK_CAR_TQ2020/10/14 11:12', '', '', '1669042780274', '76', '4710225623', 'offline', '2024-03-07T02:55:23.000+00:00', '3479822160', NULL, '', '', '', 'bicycle', '', '3479822160', '1', '1', '1', '4294965759', '0', '2267122.38', '', '0', '13019662007', '148441', NULL, 'h02', '2024-03-07T02:55:23.000+00:00', '1999-11-30T00:00:00.000+00:00', '2024-03-06T16:57:34.000+00:00', '', '1', '51.91349', '4.4913816666667', '0', '0', '0', NULL, '0', NULL),
('148444', 'BQ0167', '1', 'LK_CAR_TQ2020/10/14 11:12', '', '', '1705995040339', '76', '4710225486', 'offline', '2024-02-06T11:07:01.000+00:00', '3397139864', NULL, '', '', '', 'bicycle', '', '3397139864', '1', '1', '1', '4294965759', '0', '2247756.98', '', '80', '22818082000', '148444', NULL, 'h02', '2024-02-06T10:36:18.000+00:00', '2024-02-06T10:36:13.000+00:00', '2024-02-06T09:40:25.000+00:00', '', '1', '51.955695', '4.4547616666667', '0', '0', '84', NULL, '0', NULL),
('149317', 'BQ0170', '1', 'LK_CAR_TQ2020/10/14 11:12', '', '', '1686393618974', '76', '4710204415', 'offline', '2024-03-09T08:07:40.000+00:00', '3486955353', NULL, '', '', '', 'bicycle', '', '3486955353', '1', '', '', '4293392895', '0', '3176360.99', '', '0', '13805523000', '149317', NULL, 'h02', '2024-03-09T08:07:40.000+00:00', '2024-03-09T08:07:38.000+00:00', '2024-03-09T08:07:38.000+00:00', '', '1', '51.934035', '4.46231', '0', '0', '0', NULL, '0', NULL),
('149916', 'BQ0185', '1', 'LK_CAR_TQ2020/10/14 11:12', NULL, NULL, NULL, '76', '4710224720', 'offline', '2024-03-17T12:26:01.000+00:00', '3504487629', NULL, '', '', '', 'bicycle', '', '3504487629', '1', '1', '1', '4294965759', '0', '2603773.02', '', '100', '18906934000', '149916', NULL, 'h02', '2024-03-14T16:10:35.000+00:00', '2024-03-14T16:10:15.000+00:00', '2024-03-06T22:22:54.000+00:00', '', '1', '51.910945', '4.4829583333333', '0', '0', '0', NULL, '0', NULL),
('149970', 'BQ0186', '1', 'LK_CAR_TQ2020/10/14 11:12', '', '', '1687665956172', '76', '4710225354', 'offline', '2024-02-22T18:02:14.000+00:00', '3438424771', NULL, '', '', '', 'bicycle', '', '3438424771', '1', '1', '1', '4294965759', '0', '2472951.63', '', '5', '12813991639', '149970', NULL, 'h02', '2024-02-21T22:01:46.000+00:00', '1999-11-30T00:00:00.000+00:00', '2024-02-19T20:04:40.000+00:00', '', '1', '51.931711666667', '4.47691', '0', '0', '0', NULL, '0', NULL),
('149976', 'BQ0190', '1', 'LK_CAR_TQ2020/10/14 11:12', '', '', '1656212926534', '76', '4710224847', 'offline', '2024-03-21T06:03:45.405+00:00', '3525073371', NULL, '', '', '', 'animal', '', '3525073371', '1', '', '', '4293392895', '0', '2328679.32', '', '20', '11036745502', '149976', NULL, 'h02', '2024-03-21T06:03:01.072+00:00', '2024-03-21T06:02:59.000+00:00', '2024-03-21T06:02:59.000+00:00', '', '1', '51.955758333333', '4.4552', '0', '0', '0', NULL, '0', NULL),
('149979', 'BQ0188', '1', 'LK_CAR_TQ2020/10/14 11:12', '', '', '1702731690390', '76', '4710225387', 'offline', '2024-03-21T00:18:49.994+00:00', '3524827055', NULL, '', '', '', 'bicycle', '', '3524827055', '1', '', '', '4293392895', '0', '2800493.37', '', '20', '9694468000', '149979', NULL, 'h02', '2024-03-21T00:18:49.994+00:00', '2024-03-21T00:18:49.000+00:00', '2024-03-21T00:18:49.000+00:00', '', '1', '51.955838333333', '4.4553666666667', '0', '0', '0', NULL, '0', NULL),
('150050', 'BQ0210', '1', 'LK_CAR_TQ2020/10/14 11:12', '', '', '1676629579363', '76', '4710225277', 'offline', '2024-03-20T14:00:12.000+00:00', '3523243026', NULL, '', '', '', 'bicycle', '', '3523243026', '1', '', '', '4024957439', '0', '2512547.23', '1', '5', '16429744000', '150050', NULL, 'h02', '2024-03-20T14:00:12.000+00:00', '2024-03-20T14:00:11.000+00:00', '2024-03-20T14:00:11.000+00:00', '', '1', '51.949145', '4.459665', '0', '2', '173', NULL, '0', NULL),
('150051', 'BQ0211', '1', 'LK_CAR_TQ2020/10/14 11:12', '', '', NULL, '76', '4710225308', 'offline', '2024-03-17T09:37:53.000+00:00', '3511675419', NULL, '', '', '', 'bicycle', '', '3511675419', '1', '1', '1', '4294965759', '63.26', '3025412.48', '1', '100', '12172985000', '150051', NULL, 'h02', '2024-03-17T09:37:53.000+00:00', '2024-03-17T09:37:51.000+00:00', '2024-03-17T09:37:51.000+00:00', '', '1', '51.92285', '4.4690066666667', '0', '2', '0', NULL, '0', NULL),
('150054', 'BQ0203', '1', 'LK_CAR_TQ2020/10/14 11:12', '', '', '1686240426598', '76', '4710224831', 'offline', '2024-03-09T22:02:56.000+00:00', '3489535726', NULL, '', '', '', 'bicycle', '', '3489535726', '1', '1', '1', '4294965759', '0', '2737614.8', '', '5', '17107805000', '150054', NULL, 'h02', '2024-03-09T22:02:56.000+00:00', '1999-11-30T00:00:00.000+00:00', '2024-03-07T00:04:56.000+00:00', '', '1', '51.955911666667', '4.4551983333333', '0', '0', '0', NULL, '0', NULL),
('150056', 'BQ0213', '1', 'LK_CAR_TQ2020/10/14 11:12', '', '', '1692880878199', '76', '4710224858', 'offline', '2024-03-09T00:05:01.000+00:00', '3485191930', NULL, '', '', '', 'bicycle', '', '3485191930', '1', '', '', '4293392895', '0', '2718554.52', '', '0', '10926689000', '150056', NULL, 'h02', '2024-03-08T14:06:44.000+00:00', '2024-03-08T14:06:42.000+00:00', '2024-03-08T14:06:42.000+00:00', '', '1', '51.917475', '4.4873566666667', '0', '0', '0', NULL, '0', NULL),
('150071', 'BQ0214', '1', 'LK_CAR_TQ2020/10/14 11:12', '', '', '1703516266742', '76', '4710225341', 'offline', '2024-03-06T15:41:03.000+00:00', '3478816089', NULL, '', '', '', 'bicycle', '', '3478816089', '1', '', '', '4024957439', '0', '3071889.7', '', '0', '12608730000', '150071', NULL, 'h02', '2024-03-06T15:40:25.000+00:00', '2024-03-06T15:40:25.000+00:00', '2024-02-22T12:04:52.000+00:00', '', '1', '51.937458333333', '4.4766933333333', '0', '0', '0', NULL, '0', NULL),
('150072', 'BQ0215', '1', 'LK_CAR_TQ2020/10/14 11:12', '', '', '1687451600119', '76', '4710224197', 'offline', '2024-03-05T18:03:56.000+00:00', '3473187756', NULL, '', '', '', 'bicycle', '', '3473187756', '1', '', '', '4293392895', '0', '2684593', '', '0', '21601824000', '150072', NULL, 'h02', '2024-03-04T22:04:42.000+00:00', '2024-03-04T22:04:40.000+00:00', '2024-03-04T22:04:40.000+00:00', '', '1', '51.955241666667', '4.4540433333333', '0', '0', '0', NULL, '0', NULL),
('150081', 'BQ0201', '1', 'LK_CAR_TQ2020/10/14 11:12', '', '', '1679821818119', '76', '4710225566', 'offline', '2024-03-20T14:19:09.000+00:00', '3523369315', NULL, '', '', '', 'bicycle', '', '3523369315', '1', '', '', '4293392895', '0', '2829825.57', '', '0', '8028467944', '150081', NULL, 'h02', '2024-03-20T14:19:09.000+00:00', '2024-03-20T14:19:08.000+00:00', '2024-03-20T14:19:08.000+00:00', '', '1', '51.955723333333', '4.4554516666667', '0', '0', '231', NULL, '0', NULL),
('150262', 'BQ0202', '1', 'LK_CAR_TQ2020/10/14 11:12', '', '', '1703855063557', '76', '4710225489', 'offline', '2024-01-17T14:27:35.000+00:00', '3350193371', NULL, '', '', '', 'animal', '', '3350193371', '1', '1', '1', '4294965759', '0', '1600524.65', '', '0', '11580998423', '150262', NULL, 'h02', '2024-01-17T14:27:35.000+00:00', '1999-11-30T00:00:00.000+00:00', '2024-01-16T18:24:35.000+00:00', '', '1', '51.955705', '4.4550416666667', '0', '0', '0', NULL, '0', NULL),
('150263', 'BQ0212', '1', 'LK_CAR_TQ2020/10/14 11:12', NULL, NULL, NULL, '76', '4710225613', 'offline', '2024-03-02T16:11:47.000+00:00', '3466044852', NULL, '', '', '', 'bicycle', '', '3466044852', '1', '1', '1', '4286577151', '0', '2664987.14', '', '100', '18675001000', '150263', NULL, 'h02', '2024-03-02T16:11:46.000+00:00', '1999-11-30T00:00:00.000+00:00', '2024-03-02T16:05:08.000+00:00', '', '1', '51.955841666667', '4.4551766666667', '0', '0', '0', NULL, '0', NULL),
('150266', 'BQ0200', '1', 'LK_CAR_TQ2020/10/14 11:12', NULL, NULL, NULL, '76', '4710225479', 'offline', '2024-03-04T00:06:13.000+00:00', '3459449476', NULL, '', '', '', 'bicycle', '', '3459449476', '1', '', '', '4293392895', '0', '2616503.46', '', '5', '9436880000', '150266', NULL, 'h02', '2024-02-29T14:01:06.000+00:00', '2024-02-29T14:01:05.000+00:00', '2024-02-29T14:01:05.000+00:00', '', '1', '51.955118333333', '4.454485', '0', '0', '282', NULL, '0', NULL),
('150268', 'BQ0208', '1', 'LK_CAR_TQ2020/10/14 11:12', '', '', '1682260386840', '76', '4710225320', 'offline', '2024-03-08T22:06:36.000+00:00', '3486635539', NULL, '', '', '', 'bicycle', '', '3486635539', '1', '1', '1', '4294965759', '0', '2822098.18', '', '0', '6716253055', '150268', NULL, 'h02', '2024-03-08T22:06:36.000+00:00', '1999-11-30T00:00:00.000+00:00', '2024-03-08T02:06:05.000+00:00', '', '1', '51.955651666667', '4.4553683333333', '0', '0', '0', NULL, '0', NULL),
('150271', 'BQ0196', '1', 'LK_CAR_TQ2020/10/14 11:12', NULL, NULL, NULL, '76', '4710224242', 'offline', '2024-03-07T00:01:24.000+00:00', '3479771868', NULL, '', '', '', 'bicycle', '', '3479771868', '1', '1', '1', '4294965759', '0', '2699720.22', '', '5', '10231992000', '150271', NULL, 'h02', '2024-03-07T00:01:24.000+00:00', '1999-11-30T00:00:00.000+00:00', '2024-03-06T14:04:53.000+00:00', '', '1', '51.924848333333', '4.5180016666667', '0', '0', '0', NULL, '0', NULL),
('150275', 'BQ0205', '1', 'LK_CAR_TQ2020/10/14 11:12', '', '', '1686032161166', '76', '4710224904', 'offline', '2024-03-15T12:58:50.000+00:00', '3507089822', NULL, '', '', '', 'bicycle', '', '3507089822', '1', '1', '1', '4294965759', '96.52', '2714961.49', '1', '100', '16015803000', '150275', NULL, 'h02', '2024-03-15T12:58:50.000+00:00', '2024-03-15T12:58:49.000+00:00', '2024-03-15T12:58:49.000+00:00', '', '1', '51.921791666667', '4.46915', '0', '2', '0', NULL, '0', NULL),
('150276', 'BQ0199', '1', 'LK_CAR_TQ2020/10/14 11:12', '', '', '1680705830049', '76', '4710224859', 'offline', '2024-03-08T12:45:48.000+00:00', '3484767975', NULL, '', '', '', 'bicycle', '', '3484767975', '1', '', '', '4293392895', '0', '2562104.83', '', '0', '7046064000', '150276', NULL, 'h02', '2024-03-08T12:45:48.000+00:00', '2024-03-08T12:45:45.000+00:00', '2024-03-01T22:03:37.000+00:00', '', '1', '51.955773333333', '4.4549416666667', '0', '0', '0', NULL, '0', NULL),
('150277', 'BQ0193', '1', 'LK_CAR_TQ2020/10/14 11:12', NULL, NULL, NULL, '76', '4710225274', 'offline', '2024-02-29T12:33:24.000+00:00', '3459082956', NULL, '', '', '', 'bicycle', '', '3459082956', '1', '', '', '4293392895', '0', '2765170.47', '', '0', '18924417000', '150277', NULL, 'h02', '2024-02-29T12:32:41.000+00:00', '2024-02-29T12:32:27.000+00:00', '2024-02-26T02:04:46.000+00:00', '', '1', '51.921823333333', '4.45339', '0', '0', '0', NULL, '0', NULL),
('150278', 'BQ0195', '1', 'LK_CAR_TQ2020/10/14 11:12', '', '', '1695559080447', '76', '4710224232', 'offline', '2024-03-20T13:42:15.000+00:00', '3523125449', NULL, '', '', '', 'bicycle', '', '3523125449', '1', '', '', '4024957439', '0', '2563052.49', '', '0', '8082552000', '150278', NULL, 'h02', '2024-03-20T13:41:39.000+00:00', '2024-03-20T13:41:37.000+00:00', '2024-02-28T20:04:56.000+00:00', '', '1', '51.915693333333', '4.4505183333333', '0', '0', '0', NULL, '0', NULL),
('150280', 'BQ0198', '1', 'LK_CAR_TQ2020/10/14 11:12', '', '', '1691662189939', '76', '4710225512', 'offline', '2024-03-06T10:09:12.000+00:00', '3477399890', NULL, '', '', '', 'bicycle', '', '3477399890', '1', '', '', '4285004287', '0', '2697657.41', '', '0', '17693949178', '150280', NULL, 'h02', '2024-03-06T10:04:08.000+00:00', '2024-03-06T10:03:34.000+00:00', '2024-03-01T05:33:45.000+00:00', '', '1', '51.919731666667', '4.4726233333333', '0', '0', '0', NULL, '0', NULL),
('152475', 'BQ0164', '1', 'LK_CAR_TQ2020/10/14 11:12', '', '', '1698505102507', '76', '4710225404', 'offline', '2024-03-07T10:04:58.000+00:00', '3480837759', NULL, '', '', '', 'bicycle', '', '3480837759', '1', '', '', '4293392895', '0', '3035869.43', '', '0', '8648917314', '152475', NULL, 'h02', '2024-03-07T10:04:58.000+00:00', '2024-03-07T10:04:56.000+00:00', '2024-03-07T10:04:56.000+00:00', '', '1', '51.955811666667', '4.4552166666667', '0', '0', '0', NULL, '0', NULL),
('153494', 'BQ0086', '1', 'LK_CAR_TQ2020/10/14 11:12', '', '', '1685429382816', '77', '4710203375', 'offline', '2024-03-17T08:31:00.000+00:00', '3511487499', NULL, '', '', '', 'bicycle', '', '3511487499', '1', '', '', '4016568831', '0', '3164845.31', '', '0', '23260946000', '153494', NULL, 'h02', '2024-03-17T08:31:00.000+00:00', '2024-03-17T08:30:59.000+00:00', '2024-03-17T08:30:59.000+00:00', '', '1', '51.955793333333', '4.457855', '0', '0', '0', NULL, '0', NULL),
('153618', 'BQ0043', '1', 'LK_CAR_TQ2020/10/14 11:12', '', '', '1685776671805', '76', '4710225536', 'offline', '2024-03-19T08:50:15.000+00:00', '3517987287', NULL, '', '', '', 'bicycle', '', '3517987287', '1', '1', '1', '4294965759', '439.13', '2678570.67', '1', '100', '9138944000', '153618', NULL, 'h02', '2024-03-19T08:48:36.000+00:00', '2024-03-19T08:48:35.000+00:00', '2024-03-19T08:48:35.000+00:00', '', '1', '51.931118333333', '4.483455', '0', '16', '113', NULL, '0', NULL),
('154252', 'BQ0206', '1', 'LK_CAR_TQ2020/10/14 11:12', '', '', '1665126933017', '76', '4710205385', 'offline', '2024-02-29T08:50:55.000+00:00', '3458342816', NULL, '', '', '', 'bicycle', '', '3458342816', '1', '1', '1', '4294965759', '0', '2499550.38', '', '100', '40649827100', '154252', NULL, 'h02', '2024-02-29T08:49:42.000+00:00', '2024-02-29T08:49:40.000+00:00', '2024-02-14T07:48:04.000+00:00', '', '1', '51.927961666667', '4.5180866666667', '0', '0', '1', NULL, '0', NULL),
('154944', 'BQ0031', '1', 'LK_CAR_TQ2020/10/14 11:12', '', '', '1701463019219', '76', '4710255458', 'offline', '2024-03-07T20:04:58.000+00:00', '3482948389', NULL, '', '', '', 'bicycle', '', '3482948389', '1', '1', '1', '4294965759', '0', '2691760.76', '', '5', '23804306109', '154944', NULL, 'h02', '2024-03-07T20:04:58.000+00:00', '1999-11-30T00:00:00.000+00:00', '2024-03-01T16:03:48.000+00:00', '', '1', '51.954983333333', '4.4541333333333', '0', '0', '0', NULL, '0', NULL),
('156289', 'BQ0207', '1', 'LK_CAR_TQ2020/10/14 11:12', '', '', '1700651435420', '76', '4710236607', 'offline', '2024-03-13T14:07:34.000+00:00', '3500080266', NULL, '', '', '', 'bicycle', '', '3500080266', '1', '', '', '4293392895', '0', '2645250.9', '', '5', '14276986000', '156289', NULL, 'h02', '2024-03-13T14:03:48.000+00:00', '2024-03-13T14:00:45.000+00:00', '2024-03-12T16:52:52.000+00:00', '', '1', '51.917126666667', '4.5224016666667', '0', '0', '0', NULL, '0', NULL),
('158556', 'BQ0113', '1', 'LK_CAR_TQ2020/10/14 11:12', '', '', '1688739819542', '77', '4710228876', 'offline', '2024-03-21T00:39:05.780+00:00', '3515478344', NULL, '', '', '', 'animal', '', '3515478344', '1', '', '', '4293392895', '0', '2936374.26', '', '5', '19630005000', '158556', NULL, 'h02', '2024-03-18T12:35:57.000+00:00', '2024-03-18T12:35:55.000+00:00', '2024-03-18T12:35:55.000+00:00', '', '1', '51.955196666667', '4.4541533333333', '0', '0', '0', NULL, '0', NULL),
('158746', 'BQ0165', '1', 'LK_CAR_TQ2020/10/14 11:12', '', '', '1684243695296', '76', '4710233364', 'offline', '2024-03-02T04:05:59.000+00:00', '3464098846', NULL, '', '', '', 'bicycle', '', '3464098846', '1', '', '', '4293392895', '0', '2754329.17', '', '0', '7188476000', '158746', NULL, 'h02', '2024-03-02T04:05:59.000+00:00', '2024-03-02T04:05:58.000+00:00', '2024-03-02T04:05:58.000+00:00', '', '1', '51.955143333333', '4.45411', '0', '0', '0', NULL, '0', NULL),
('161615', 'BQ0585', '1', 'LK_CAR_TQ2020/10/14 11:12', NULL, NULL, NULL, '76', '4710230641', 'offline', '2024-02-21T12:05:14.000+00:00', '3424795393', NULL, '', '', '', 'animal', '', '3424795393', '1', '', '', '4293392895', '0', '6985851.67', '', '0', '17255128000', '161615', NULL, 'h02', '2024-02-16T18:02:45.000+00:00', '2024-02-16T18:02:43.000+00:00', '2024-02-16T18:02:43.000+00:00', '', '1', '51.955583333333', '4.4550316666667', '0', '0', '0', NULL, '0', NULL),
('161617', 'ECO003', '1', 'LK_CAR_TQ2020/10/14 11:12', NULL, NULL, NULL, '86', '4710256053', 'offline', '2023-12-27T10:53:41.000+00:00', '3310528300', NULL, '', '', '', 'bicycle', '', '3310528300', '1', '1', '1', '4294965759', '0', '3403392.12', '', '100', '13424146000', '161617', NULL, 'h02', '2023-12-27T10:50:31.000+00:00', '2023-12-27T10:50:13.000+00:00', '2023-12-19T10:11:32.000+00:00', '', '1', '51.955901666667', '4.4552183333333', '0', '0', '0', NULL, '0', NULL),
('161909', 'BQ0081', '1', 'LK_CAR_TQ2020/10/14 11:12', '', '', '1688466961042', '77', '4710232881', 'offline', '2024-03-21T02:16:00.761+00:00', '3524863108', NULL, '', '', '', 'bicycle', '', '3524863108', '1', '', '', '4293392895', '0', '2951143.47', '', '60', '13049372159', '161909', NULL, 'h02', '2024-03-21T02:16:00.761+00:00', '2024-03-21T02:15:59.000+00:00', '2024-03-21T02:15:59.000+00:00', '', '1', '51.954973333333', '4.454005', '0', '0', '0', NULL, '0', NULL),
('162144', 'BQ0217', '1', 'LK_CAR_TQ2020/10/14 11:12', '', '', '1707045857242', '76', '4710233563', 'offline', '2024-03-17T13:18:13.000+00:00', '3512733956', NULL, '', '', '', 'bicycle', '', '3512733956', '1', '1', '1', '4294965759', '0', '2250631.04', '', '100', '20434947000', '162144', NULL, 'h02', '2024-03-17T13:18:13.000+00:00', '2024-03-17T13:18:12.000+00:00', '2024-03-17T13:18:12.000+00:00', '', '1', '51.920623333333', '4.445885', '0', '0', '0', NULL, '0', NULL),
('162145', 'BQ0249', '1', 'LK_CAR_TQ2020/10/14 11:12', NULL, NULL, NULL, '0', '4710255585', 'offline', '2024-02-15T12:30:00.000+00:00', '3420343913', NULL, '', '', '', 'animal', '', '3420343913', '1', '', '', '4285004287', '0', '2162819.35', '', '0', '23533287346', '162145', NULL, 'h02', '2024-02-15T12:28:33.000+00:00', '2024-02-15T12:28:31.000+00:00', '2023-12-24T12:05:14.000+00:00', '', '1', '51.95529', '4.4543066666667', '0', '0', '0', NULL, '0', NULL),
('162147', 'BQ0142', '1', 'LK_CAR_TQ2020/10/14 11:12', '', '', '1685089312686', '76', '4710233384', 'offline', '2024-03-21T02:05:52.312+00:00', '3524852460', NULL, '', '', '', 'bicycle', '', '3524852460', '1', '', '', '4293392895', '0', '2731960.84', '', '20', '16262503000', '162147', NULL, 'h02', '2024-03-21T02:02:11.814+00:00', '2024-03-21T02:00:25.000+00:00', '2024-03-19T12:30:52.000+00:00', '1', '1', '51.95506', '4.4542133333333', '0', '0', '289', NULL, '0', NULL),
('162155', 'BQ0246', '1', 'LK_CAR_TQ2020/10/14 11:12', '', '', '1664963827640', '76', '4710239505', 'offline', '2024-03-08T18:04:51.000+00:00', '3486281885', NULL, '', '', '', 'bicycle', '', '3486281885', '1', '', '', '4293392895', '0', '1917753.07', '', '0', '11386759000', '162155', NULL, 'h02', '2024-03-08T18:04:51.000+00:00', '2024-03-08T18:04:50.000+00:00', '2024-03-08T18:04:50.000+00:00', '', '1', '51.930101666667', '4.5034033333333', '0', '0', '0', NULL, '0', NULL),
('162167', 'BQ0144', '1', 'LK_CAR_TQ2020/10/14 11:12', '', '', '1706517145772', '76', '4710236521', 'offline', '2024-03-21T08:48:15.140+00:00', '3525698935', NULL, '', '', '', 'bicycle', '', '3525698935', '1', '1', '1', '4286577151', '0', '2807300.49', '', '20', '4344719000', '162167', NULL, 'h02', '2024-03-21T08:48:15.140+00:00', '2024-03-21T08:48:11.000+00:00', '2024-03-21T07:08:54.000+00:00', '1', '1', '51.922795', '4.4692516666667', '0', '0', '0', NULL, '0', NULL),
('162185', 'BQ0072', '1', 'LK_CAR_TQ2020/10/14 11:12', '', '', '1688987186809', '76', '4710231711', 'offline', '2024-03-12T00:04:59.000+00:00', '3493763710', NULL, '', '', '', 'bicycle', '', '3493763710', '1', '', '', '4293392895', '0', '2842927.11', '', '0', '9458089000', '162185', NULL, 'h02', '2024-03-11T14:04:52.000+00:00', '2024-03-11T14:04:51.000+00:00', '2024-03-11T14:04:51.000+00:00', '', '1', '51.955746666667', '4.4551016666667', '0', '0', '0', NULL, '0', NULL),
('162187', 'BQ0041', '1', 'LK_CAR_TQ2020/10/14 11:12', '', '', '1698068706414', '76', '4710233528', 'offline', '2024-03-15T18:05:36.000+00:00', '3508386408', NULL, '', '', '', 'bicycle', '', '3508386408', '1', '', '', '4293392895', '0', '2586473.96', '', '0', '8178876000', '162187', NULL, 'h02', '2024-03-15T18:05:36.000+00:00', '2024-03-15T18:05:35.000+00:00', '2024-03-15T18:05:35.000+00:00', '', '1', '51.936981666667', '4.4711133333333', '0', '0', '0', NULL, '0', NULL),
('162239', 'BQ0145', '1', 'LK_CAR_TQ2020/10/14 11:12', '', '', '1685010572948', '76', '4710228328', 'offline', '2024-03-09T08:05:00.000+00:00', '3486632769', NULL, '', '', '', 'bicycle', '', '3486632769', '1', '', '', '4293392895', '0', '2185138.42', '', '0', '10670732664', '162239', NULL, 'h02', '2024-03-08T22:04:30.000+00:00', '2024-03-08T22:04:28.000+00:00', '2024-03-08T22:04:28.000+00:00', '', '1', '51.955503333333', '4.4557266666667', '0', '0', '0', NULL, '0', NULL),
('162244', 'BQ0135', '1', 'LK_CAR_TQ2020/10/14 11:12', '', '', '1689621935177', '76', '4710235163', 'offline', '2024-03-15T22:23:47.000+00:00', '3498025341', NULL, '', '', '', 'bicycle', '', '3498025341', '1', '', '', '4293392895', '0', '2620927.43', '', '5', '9656568000', '162244', NULL, 'h02', '2024-03-12T20:21:49.000+00:00', '2024-03-12T20:21:48.000+00:00', '2024-03-12T20:21:48.000+00:00', '', '1', '51.955913333333', '4.4557816666667', '0', '0', '0', NULL, '0', NULL),
('162246', 'BQ0141', '1', 'LK_CAR_TQ2020/10/14 11:12', '', '', '1664865153871', '76', '4710228742', 'offline', '2024-03-17T09:35:17.000+00:00', '3511665937', NULL, '', '', '', 'bicycle', '', '3511665937', '1', '1', '1', '4294965759', '0', '2323672.68', '', '0', '4657885000', '162246', NULL, 'h02', '2024-03-17T09:35:17.000+00:00', '2024-03-17T09:35:10.000+00:00', '2024-03-15T13:05:20.000+00:00', '', '1', '51.922465', '4.46805', '0', '0', '93', NULL, '0', NULL),
('162276', 'BQ0219', '1', 'LK_CAR_TQ2020/10/14 11:12', '', '', '1682216554137', '76', '4710235213', 'offline', '2024-03-04T08:05:05.000+00:00', '3469824238', NULL, '', '', '', 'bicycle', '', '3469824238', '1', '', '', '4293392895', '0', '2881019.99', '', '5', '13514877000', '162276', NULL, 'h02', '2024-03-03T22:03:44.000+00:00', '2024-03-03T22:03:43.000+00:00', '2024-03-03T22:03:43.000+00:00', '', '1', '51.955808333333', '4.4550333333333', '0', '0', '0', NULL, '0', NULL),
('162281', 'BQ0221', '1', 'LK_CAR_TQ2020/10/14 11:12', '', '', '1678908592962', '76', '4710233578', 'offline', '2024-03-16T22:07:14.000+00:00', '3507980483', NULL, '', '', '', 'animal', '', '3507980483', '1', '', '', '4293392895', '0', '2293932.64', '', '5', '25606704741', '162281', NULL, 'h02', '2024-03-15T16:06:08.000+00:00', '2024-03-15T16:06:07.000+00:00', '2024-03-15T16:06:07.000+00:00', '', '1', '51.955746666667', '4.4550733333333', '0', '0', '0', NULL, '0', NULL),
('162731', 'BQ0244', '1', 'LK_CAR_TQ2020/10/14 11:12', '', '', '1704081388884', '76', '4710232737', 'offline', '2024-02-28T15:20:08.000+00:00', '3456532620', NULL, '', '', '', 'bicycle', '', '3456532620', '1', '1', '1', '4294965759', '0', '2490133.76', '', '0', '20023074000', '162731', NULL, 'h02', '2024-02-28T15:20:07.000+00:00', '1999-11-30T00:00:00.000+00:00', '2024-02-28T15:18:42.000+00:00', '', '1', '51.955883333333', '4.4552416666667', '0', '0', '0', NULL, '0', NULL),
('162734', 'BQ0250', '1', 'LK_CAR_TQ2020/10/14 11:12', '', '', '1666624236650', '76', '4710228680', 'offline', '2024-03-19T06:05:03.000+00:00', '3517007425', NULL, '', '', '', 'bicycle', '', '3517007425', '1', '', '', '4293392895', '0', '2387601.43', '', '0', '25121672000', '162734', NULL, 'h02', '2024-03-18T20:05:02.000+00:00', '2024-03-18T20:05:00.000+00:00', '2024-03-18T20:05:00.000+00:00', '', '1', '51.95559', '4.4551483333333', '0', '0', '0', NULL, '0', NULL),
('162741', 'BQ0095', '1', 'LK_CAR_TQ2020/10/14 11:12', NULL, NULL, NULL, '77', '4710255486', 'offline', '2024-03-13T06:05:45.000+00:00', '3498385302', NULL, '', '', '', 'bicycle', '', '3498385302', '1', '1', '1', '4294965759', '0', '2496001.34', '', '0', '8291774000', '162741', NULL, 'h02', '2024-03-13T06:05:45.000+00:00', '1999-11-30T00:00:00.000+00:00', '2024-03-12T10:06:00.000+00:00', '', '1', '51.932403333333', '4.4736966666667', '0', '0', '0', NULL, '0', NULL),
('162742', 'BQ0245', '1', 'LK_CAR_TQ2020/10/14 11:12', '', '', '1692298278803', '76', '4710233295', 'offline', '2024-03-11T04:05:03.000+00:00', '3491775330', NULL, '', '', '', 'bicycle', '', '3491775330', '1', '', '', '4293392895', '0', '7136639.66', '', '0', '20864298450', '162742', NULL, 'h02', '2024-03-10T18:04:42.000+00:00', '2024-03-10T18:04:41.000+00:00', '2024-03-10T18:04:41.000+00:00', '', '1', '51.955085', '4.4537766666667', '0', '0', '0', NULL, '0', NULL),
('162744', 'BQ0247', '1', 'LK_CAR_TQ2020/10/14 11:12', '', '', '1701615304355', '76', '4710234782', 'offline', '2024-03-17T10:54:32.000+00:00', '3512009491', NULL, '', '', '', 'bicycle', '', '3512009491', '1', '1', '1', '4294965759', '0', '2492247.78', '', '100', '19076000000', '162744', NULL, 'h02', '2024-03-17T10:54:32.000+00:00', '2024-03-17T10:54:30.000+00:00', '2024-03-17T10:54:30.000+00:00', '', '1', '51.923126666667', '4.5246183333333', '0', '0', '0', NULL, '0', NULL);
INSERT INTO `gps` (`id`, `title`, `attribute_b2b`, `attribute_firmware`, `attribute_guarded`, `attribute_alarm`, `attribute_lastAlarm`, `groupId`, `uniqueId`, `stat`, `lastUpdate`, `positionId`, `geofenceIds`, `phone`, `model`, `contact`, `category`, `isDisabled`, `positions_id`, `positions_armed`, `positions_charge`, `positions_ignition`, `positions_stat`, `positions_distance`, `positions_totalDistance`, `positions_motion`, `positions_batteryLevel`, `positions_hours`, `deviceId`, `thisType`, `protocol`, `serverTime`, `deviceTime`, `fixTime`, `outdated`, `valid`, `latitude`, `longitude`, `altitude`, `speed`, `course`, `thisAddress`, `accuracy`, `network`) VALUES
('162752', 'BQ0131', '1', 'LK_CAR_TQ2020/10/14 11:12', '', '', '1703469361560', '0', '4710233496', 'offline', '2024-03-17T09:40:08.000+00:00', '3511683712', NULL, '', '', '', NULL, '', '3511683712', '1', '1', '1', '4294965759', '0', '2398608.6', '', '100', '15535288000', '162752', NULL, 'h02', '2024-03-17T09:40:08.000+00:00', '2024-03-17T09:40:06.000+00:00', '2024-03-17T09:40:06.000+00:00', '', '1', '51.922786666667', '4.468995', '0', '0', '0', NULL, '0', NULL),
('162837', 'BQ0224', '1', 'LK_CAR_TQ2020/10/14 11:12', '', '', '1688320543138', '76', '4710232329', 'offline', '2024-03-20T09:31:49.000+00:00', '3521834775', NULL, '', '', '', 'bicycle', '', '3521834775', '1', '', '', '4293392895', '0', '2846209.33', '', '80', '13233246000', '162837', NULL, 'h02', '2024-03-20T09:27:41.000+00:00', '2024-03-20T09:27:41.000+00:00', '2024-03-20T09:27:41.000+00:00', '', '1', '51.92279', '4.4692833333333', '0', '0', '0', NULL, '0', NULL),
('162866', 'BQ0137', '1', 'LK_CAR_TQ2020/10/14 11:12', NULL, NULL, NULL, '77', '4710228855', 'offline', '2024-03-10T20:00:45.000+00:00', '3491903894', NULL, '', '', '', 'bicycle', '', '3491903894', '1', '', '', '4285004287', '0', '2420829.51', '', '100', '26140530173', '162866', NULL, 'h02', '2024-03-10T20:00:37.000+00:00', '2024-03-10T20:00:36.000+00:00', '2024-03-10T19:56:24.000+00:00', '', '1', '51.911031666667', '4.50134', '0', '0', '151', NULL, '0', NULL),
('162893', 'BQ0147', '1', 'LK_CAR_TQ2020/10/14 11:12', NULL, NULL, NULL, '77', '4710229861', 'offline', '2024-03-16T14:43:43.000+00:00', '3510363721', NULL, '', '', '', 'bicycle', '', '3510363721', '1', '1', '1', '4294965759', '0', '2199957.03', '', '100', '11902355000', '162893', NULL, 'h02', '2024-03-16T14:40:36.000+00:00', '2024-03-16T14:40:33.000+00:00', '2024-03-15T13:03:05.000+00:00', '', '1', '51.922836666667', '4.4691666666667', '0', '0', '190', NULL, '0', NULL),
('162907', 'BQ0236', '1', 'LK_CAR_TQ2020/10/14 11:12', '', '', '1684329071875', '76', '4710232959', 'offline', '2024-02-21T22:03:25.000+00:00', '3438426791', NULL, '', '', '', 'bicycle', '', '3438426791', '1', '1', '1', '4294965759', '0', '2372868.08', '', '0', '20304029000', '162907', NULL, 'h02', '2024-02-21T22:03:05.000+00:00', '1999-11-30T00:00:00.000+00:00', '2024-02-21T22:01:58.000+00:00', '', '1', '51.955688333333', '4.4552433333333', '0', '0', '0', NULL, '0', NULL),
('163632', 'BQ0136', '1', 'LK_CAR_TQ2020/10/14 11:12', NULL, NULL, NULL, '77', '4710236541', 'offline', '2024-03-06T11:13:17.000+00:00', '3477633583', NULL, '', '', '', 'bicycle', '', '3477633583', '1', '', '', '4293392895', '0', '3474719.66', '', '0', '15495624000', '163632', NULL, 'h02', '2024-03-06T11:13:17.000+00:00', '2024-03-06T11:13:03.000+00:00', '2024-03-06T11:11:14.000+00:00', '', '1', '51.910836666667', '4.4574433333333', '0', '0', '341', NULL, '0', NULL),
('163690', 'BQ0235', '1', 'LK_CAR_TQ2020/10/14 11:12', '', '', '1684787924424', '76', '4710229067', 'offline', '2024-03-07T20:06:56.000+00:00', '3478316521', NULL, '', '', '', 'bicycle', '', '3478316521', '1', '', '', '4293392895', '0', '2470171', '', '5', '14427960638', '163690', NULL, 'h02', '2024-03-06T14:01:11.000+00:00', '2024-03-06T14:00:50.000+00:00', '2024-03-06T12:53:22.000+00:00', '', '1', '51.95551', '4.4550983333333', '0', '0', '0', NULL, '0', NULL),
('163750', 'BQ0140', '1', 'LK_CAR_TQ2020/10/14 11:12', '', '', '1692598091462', '76', '4710236021', 'offline', '2024-03-06T06:02:57.000+00:00', '3476238140', NULL, '', '', '', 'bicycle', '', '3476238140', '1', '', '', '4293392895', '0', '2196681.48', '', '0', '11925139000', '163750', NULL, 'h02', '2024-03-05T20:05:02.000+00:00', '2024-03-05T20:05:01.000+00:00', '2024-03-05T20:05:01.000+00:00', '', '1', '51.92766', '4.5093066666667', '0', '0', '0', NULL, '0', NULL),
('163753', 'BQ0232', '1', 'LK_CAR_TQ2020/10/14 11:12', '', '', '1707750773605', '76', '4710256062', 'offline', '2024-03-13T10:04:55.000+00:00', '3499154409', NULL, '', '', '', 'bicycle', '', '3499154409', '1', '', '', '4293392895', '0', '2188171.24', '', '0', '26347667000', '163753', NULL, 'h02', '2024-03-13T10:04:55.000+00:00', '2024-03-13T10:04:53.000+00:00', '2024-03-13T10:04:53.000+00:00', '', '1', '51.934651666667', '4.49695', '0', '0', '0', NULL, '0', NULL),
('163758', 'BQ0222', '1', 'LK_CAR_TQ2020/10/14 11:12', '', '', '1699357420202', '76', '4710230044', 'offline', '2024-03-13T15:49:54.000+00:00', '3497978060', NULL, '', '', '', 'bicycle', '', '3497978060', '1', '', '', '4293392895', '0', '1553452.55', '', '0', '30834996261', '163758', NULL, 'h02', '2024-03-12T19:48:57.000+00:00', '2024-03-12T19:48:56.000+00:00', '2024-03-12T19:48:56.000+00:00', '', '1', '51.95555', '4.45546', '0', '0', '0', NULL, '0', NULL),
('163760', 'BQ0223', '1', 'LK_CAR_TQ2020/10/14 11:12', '', '', '1687619654372', '76', '4710233554', 'offline', '2024-03-05T14:06:02.000+00:00', '3472875282', NULL, '', '', '', 'bicycle', '', '3472875282', '1', '', '', '4293392895', '0', '2202982.96', '', '0', '24569797050', '163760', NULL, 'h02', '2024-03-04T18:04:51.000+00:00', '2024-03-04T18:04:49.000+00:00', '2024-03-04T18:04:49.000+00:00', '', '1', '51.957601666667', '4.4532816666667', '0', '0', '0', NULL, '0', NULL),
('163926', 'BQ0085', '1', 'LK_CAR_TQ2020/10/14 11:12', '', '', '1695217645165', '77', '4710204944', 'offline', '2024-03-09T16:03:40.000+00:00', '3488960006', NULL, '', '', '', 'bicycle', '', '3488960006', '1', '', '', '4293392895', '0', '2310780.73', '', '0', '9031265452', '163926', NULL, 'h02', '2024-03-09T16:03:40.000+00:00', '2024-03-09T16:03:39.000+00:00', '2024-03-09T16:03:39.000+00:00', '', '1', '51.905843333333', '4.499345', '0', '0', '0', NULL, '0', NULL),
('163957', 'BQ0220', '1', 'LK_CAR_TQ2020/10/14 11:12', '', '', '1675549565941', '76', '4710230864', 'offline', '2024-03-12T14:03:26.000+00:00', '3493640273', NULL, '', '', '', 'bicycle', '', '3493640273', '1', '', '', '4293392895', '0', '1581145.12', '', '0', '31873783000', '163957', NULL, 'h02', '2024-03-11T13:32:12.000+00:00', '2024-03-11T13:31:22.000+00:00', '2024-03-06T06:05:58.000+00:00', '', '1', '51.913528333333', '4.46541', '0', '0', '0', NULL, '0', NULL),
('164813', 'BQ0146', '1', 'LK_CAR_TQ2020/10/14 11:12', '', '', '1700837381040', '77', '4710235136', 'offline', '2024-03-21T04:03:59.574+00:00', '3524906038', NULL, '', '', '', 'bicycle', '', '3524906038', '1', '', '', '4293392895', '0', '2352262.01', '', '40', '12519416000', '164813', NULL, 'h02', '2024-03-21T04:03:59.574+00:00', '2024-03-21T04:03:58.000+00:00', '2024-03-21T04:03:58.000+00:00', '', '1', '51.955115', '4.4539266666667', '0', '0', '0', NULL, '0', NULL),
('164814', 'BQ0238', '1', 'LK_CAR_TQ2020/10/14 11:12', '', '', '1689954058265', '76', '4710236667', 'offline', '2024-02-24T03:51:04.000+00:00', '3441065530', NULL, '', '', '', 'bicycle', '', '3441065530', '1', '', '', '4293392895', '0', '2083170.71', '', '0', '9050334000', '164814', NULL, 'h02', '2024-02-22T21:48:48.000+00:00', '2024-02-22T21:48:46.000+00:00', '2024-02-22T21:48:46.000+00:00', '', '1', '51.955795', '4.455', '0', '0', '0', NULL, '0', NULL),
('165480', 'BQ0089', '1', 'LK_CAR_TQ2020/10/14 11:12', '', '', '1706900345158', '77', '4710231117', 'offline', '2024-03-15T07:59:36.000+00:00', '3506004346', NULL, '', '', '', 'bicycle', '', '3506004346', '1', '1', '1', '4286577151', '0', '2230154.45', '', '20', '18956363000', '165480', NULL, 'h02', '2024-03-15T07:59:36.000+00:00', '2024-03-15T07:59:33.000+00:00', '2024-03-15T06:20:29.000+00:00', '', '1', '51.95568', '4.4552416666667', '0', '0', '0', NULL, '0', NULL),
('168503', 'ECO004', '1', 'LK_CAR_TQ2020/10/14 11:12', NULL, NULL, NULL, '86', '4710228781', 'offline', '2023-12-23T15:26:52.000+00:00', '3306618330', NULL, '', '', '', 'bicycle', '', '3306618330', '1', '1', '1', '4294965759', '0', '8488370.82', '', '100', '27327199221', '168503', NULL, 'h02', '2023-12-23T15:25:12.000+00:00', '2023-12-23T15:25:11.000+00:00', '2023-12-23T15:25:11.000+00:00', '', '1', '51.955821666667', '4.4553583333333', '0', '0', '0', NULL, '0', NULL),
('169559', 'ECO012', '1', 'LK_CAR_TQ2020/10/14 11:12', '', '', '1691663502759', '86', '4710255392', 'offline', '2023-12-23T15:28:20.000+00:00', '3306624528', NULL, '', '', '', 'bicycle', '', '3306624528', '1', '', '', '4016568831', '0', '8298235.05', '', '0', '24226077695', '169559', NULL, 'h02', '2023-12-23T15:28:20.000+00:00', '2023-12-23T15:28:18.000+00:00', '2023-12-23T15:28:18.000+00:00', '', '1', '51.955875', '4.4552733333333', '0', '0', '0', NULL, '0', NULL),
('169928', 'BQ0036', '1', 'LK_CAR_TQ2020/10/14 11:12', '1', '', '1688759336873', '76', '4710256661', 'offline', '2024-02-29T10:53:24.000+00:00', '3458721683', NULL, '', '', '', 'bicycle', '', '3458721683', '1', '', '', '4285004287', '0', '2602878.46', '', '0', '14076403000', '169928', NULL, 'h02', '2024-02-29T10:52:48.000+00:00', '2024-02-29T10:52:43.000+00:00', '2024-01-31T09:24:37.000+00:00', '', '1', '51.91814', '4.4454266666667', '0', '0', '149', NULL, '0', NULL),
('169961', 'BQ0156', '1', 'LK_CAR_TQ2020/10/14 11:12', '', '', '1667746968139', '76', '4710235148', 'offline', '2024-03-14T09:45:00.000+00:00', '3488876301', NULL, '', '', '', 'bicycle', '', '3488876301', '1', '', '', '4293392895', '0', '1755679.16', '', '5', '46480825000', '169961', NULL, 'h02', '2024-03-09T15:42:29.000+00:00', '2024-03-09T15:42:27.000+00:00', '2024-03-09T15:42:27.000+00:00', '', '1', '51.955715', '4.4550216666667', '0', '0', '0', NULL, '0', NULL),
('171793', 'BQ0066', '1', 'LK_CAR_TQ2020/10/14 11:12', '', '', NULL, '86', '4710232410', 'offline', '2024-03-09T23:11:53.000+00:00', '3486113028', NULL, '', '', '', 'bicycle', '', '3486113028', '1', '', '', '4293392895', '0', '1583003.77', '', '0', '12037174000', '171793', NULL, 'h02', '2024-03-08T17:10:23.000+00:00', '2024-03-08T17:10:22.000+00:00', '2024-03-08T17:10:22.000+00:00', '', '1', '51.955268333333', '4.4540383333333', '0', '0', '0', NULL, '0', NULL),
('171905', 'BQ0242', '1', 'LK_CAR_TQ2020/10/14 11:12', '', '', '1706029350744', '86', '4710229091', 'offline', '2024-03-06T21:26:55.000+00:00', '3479693271', NULL, '', '', '', 'bicycle', '', '3479693271', '1', '1', '1', '4286577151', '0', '6325966.8', '', '0', '21886232000', '171905', NULL, 'h02', '2024-03-06T21:26:51.000+00:00', '2024-03-06T18:15:20.000+00:00', '2024-03-06T18:15:14.000+00:00', '', '1', '51.925433333333', '4.5091016666667', '0', '0', '0', NULL, '0', NULL),
('172701', 'BQ0163', '1', 'LK_CAR_TQ2020/10/14 11:12', '', '', '1660671353141', '0', '4710236482', 'offline', '2024-03-06T12:11:25.000+00:00', '3477862702', NULL, '', '', '', NULL, '', '3477862702', '1', '', '', '4293261823', '0', '2344269.32', '', '0', '21139164000', '172701', NULL, 'h02', '2024-03-06T12:10:31.000+00:00', '2024-03-06T12:10:26.000+00:00', '2024-02-11T00:56:11.000+00:00', '', '1', '51.953546666667', '4.492085', '0', '0', '38', NULL, '0', NULL),
('176439', 'BQ0090', '1', 'LK_CAR_TQ2020/10/14 11:12', '', '', '1688802088213', '0', '4710235644', 'offline', '2024-02-21T16:05:47.000+00:00', '3435220383', NULL, '', '', '', NULL, '', '3435220383', '1', '', '', '4293392895', '0', '2280688.75', '', '0', '5461059000', '176439', NULL, 'h02', '2024-02-20T20:04:56.000+00:00', '2024-02-20T20:04:55.000+00:00', '2024-02-20T20:04:55.000+00:00', '', '1', '51.955741666667', '4.4550383333333', '0', '0', '0', NULL, '0', NULL),
('178288', 'BQ0162', '1', 'LK_CAR_TQ2020/10/14 11:12', '', '', '1682862275473', '0', '4710225332', 'offline', '2024-03-06T12:35:54.000+00:00', '3477962229', NULL, '', '', '', NULL, '', '3477962229', '1', '1', '1', '4294965759', '0', '2435825.55', '', '100', '10629707000', '178288', NULL, 'h02', '2024-03-06T12:35:54.000+00:00', '2024-03-06T12:35:53.000+00:00', '2024-03-06T12:35:53.000+00:00', '', '1', '51.959121666667', '4.4945616666667', '0', '0', '0', NULL, '0', NULL),
('178482', 'BQ0048', '1', 'LK_CAR_TQ2020/10/14 11:12', '', '', '1688776261065', '0', '4710230860', 'offline', '2024-03-08T16:05:53.000+00:00', '3482947744', NULL, '', '', '', NULL, '', '3482947744', '1', '', '', '4293392895', '0', '2273241.08', '', '0', '18136882000', '178482', NULL, 'h02', '2024-03-07T20:04:46.000+00:00', '2024-03-07T20:04:45.000+00:00', '2024-03-07T20:04:45.000+00:00', '', '1', '51.955075', '4.4550716666667', '0', '0', '0', NULL, '0', NULL),
('181207', 'BQ0502', '1', 'LK_CAR_TQ2020/10/14 11:12', '', '', '1690027250750', '0', '4710205206', 'offline', '2024-02-26T00:04:04.000+00:00', '3438431173', NULL, NULL, NULL, NULL, NULL, '', '3438431173', '1', '', '', '4293392895', '0', '2017584.94', '', '5', '8326435000', '181207', NULL, 'h02', '2024-02-21T22:06:59.000+00:00', '2024-02-21T22:06:58.000+00:00', '2024-02-21T22:06:58.000+00:00', '', '1', '51.955881666667', '4.4554966666667', '0', '0', '0', NULL, '0', NULL),
('181210', 'BQ0503', '1', 'LK_CAR_TQ2020/10/14 11:12', '', '', '1688118951025', '0', '4710230629', 'offline', '2024-03-21T02:23:40.035+00:00', '3524865841', NULL, NULL, NULL, NULL, NULL, '', '3524865841', '1', '', '', '4293392895', '0', '2046816.68', '', '20', '4825422000', '181210', NULL, 'h02', '2024-03-21T02:23:40.035+00:00', '2024-03-21T02:23:39.000+00:00', '2024-03-21T02:23:39.000+00:00', '', '1', '52.079608333333', '4.323805', '0', '0', '0', NULL, '0', NULL),
('181211', 'BQ0504', '1', 'LK_CAR_TQ2020/10/14 11:12', '', '', '1694435459809', '0', '4710231168', 'offline', '2024-03-02T12:01:50.000+00:00', '3464962574', NULL, NULL, NULL, NULL, NULL, '', '3464962574', '1', '', '', '4293392895', '0', '1524097.19', '', '0', '12210228000', '181211', NULL, 'h02', '2024-03-02T12:01:13.000+00:00', '2024-03-02T12:00:56.000+00:00', '2024-03-02T11:34:23.000+00:00', '', '1', '52.025388333333', '5.6510766666667', '0', '0', '0', NULL, '0', NULL),
('181214', 'BQ0505', '1', 'LK_CAR_TQ2020/10/14 11:12', '', '', '1685546810074', '0', '4710205090', 'offline', '2024-03-21T08:41:57.394+00:00', '3525675659', NULL, NULL, NULL, NULL, NULL, '', '3525675659', '1', '', '', '4285004287', '0', '1486866.68', '', '0', '25269367785', '181214', NULL, 'h02', '2024-03-21T08:41:42.272+00:00', '2024-03-21T08:41:41.000+00:00', '2024-02-18T00:05:51.000+00:00', '1', '1', '52.056796666667', '4.2625633333333', '0', '0', '0', NULL, '0', NULL),
('181215', 'BQ0506', '1', 'LK_CAR_TQ2020/10/14 11:12', NULL, NULL, NULL, '0', '4710203637', 'offline', '2024-02-22T13:02:28.000+00:00', '3439820000', NULL, NULL, NULL, NULL, NULL, '', '3439820000', '1', '1', '1', '4294965759', '0', '2390619.56', '', '100', '10923678000', '181215', NULL, 'h02', '2024-02-22T12:57:39.000+00:00', '2024-02-22T12:57:37.000+00:00', '2024-02-14T10:04:39.000+00:00', '', '1', '52.073911666667', '4.3297233333333', '0', '0', '0', NULL, '0', NULL),
('181219', 'BQ0507', '1', 'LK_CAR_TQ2020/10/14 11:12', NULL, NULL, NULL, '0', '4710204396', 'offline', '2024-01-20T17:39:26.000+00:00', '3356547158', NULL, NULL, NULL, NULL, NULL, '', '3356547158', '1', '1', '1', '4294965759', '0', '1268244.83', '', '100', '17771697000', '181219', NULL, 'h02', '2024-01-20T17:39:26.000+00:00', '2024-01-20T17:39:23.000+00:00', '2023-12-18T09:43:14.000+00:00', '', '1', '52.351716666667', '4.94627', '0', '0', '0', NULL, '0', NULL),
('181223', 'BQ0509', '1', 'LK_CAR_TQ2020/10/14 11:12', '', '', '1673968754182', '0', '4710233413', 'offline', '2024-03-14T10:10:02.000+00:00', '3502652137', NULL, '', '', '', NULL, '', '3502652137', '1', '', '', '4293392895', '0', '1741284.68', '', '0', '6542307000', '181223', NULL, 'h02', '2024-03-14T10:09:41.000+00:00', '2024-03-14T10:09:37.000+00:00', '2024-03-14T09:58:35.000+00:00', '', '1', '52.08087', '4.2670783333333', '0', '0', '322', NULL, '0', NULL),
('181227', 'BQ0510', '1', 'LK_CAR_TQ2020/10/14 11:12', '', '', '1684068973625', '0', '4710236476', 'offline', '2024-03-03T12:12:54.000+00:00', '3464063200', NULL, '', '', '', NULL, '', '3464063200', '1', '1', '1', '4294965759', '0', '2038597.07', '', '5', '5863945000', '181227', NULL, 'h02', '2024-03-02T02:08:12.000+00:00', '2024-03-02T02:07:14.000+00:00', '2024-02-25T15:42:03.000+00:00', '', '1', '51.955731666667', '4.45506', '0', '0', '270', NULL, '0', NULL),
('181228', 'BQ0511', '1', 'LK_CAR_TQ2020/10/14 11:12', '', '', '1693850467181', '0', '4710231549', 'offline', '2024-02-18T14:04:59.000+00:00', '3426483899', NULL, '', '', '', NULL, '', '3426483899', '1', '', '', '4293392895', '25.27', '2007960.45', '', '0', '5649721000', '181228', NULL, 'h02', '2024-02-17T13:49:20.000+00:00', '2024-02-17T13:49:19.000+00:00', '2024-02-17T13:49:19.000+00:00', '', '1', '51.9559', '4.455025', '0', '0', '0', NULL, '0', NULL),
('181229', 'BQ0512', '1', 'LK_CAR_TQ2020/10/14 11:12', '', '', '1705255530185', '0', '4710231770', 'offline', '2024-03-04T22:49:14.000+00:00', '3453173159', NULL, '', '', '', NULL, '', '3453173159', '1', '', '', '4293392895', '0', '1811513.26', '', '5', '14403569000', '181229', NULL, 'h02', '2024-02-27T14:50:50.000+00:00', '2024-02-27T14:50:46.000+00:00', '2024-02-25T01:35:13.000+00:00', '', '1', '52.078251666667', '4.3227366666667', '0', '0', '137', NULL, '0', NULL),
('181234', 'BQ0513', '1', 'LK_CAR_TQ2020/10/14 11:12', '', '', '1704623357257', '0', '4710229507', 'offline', '2024-02-22T11:42:41.000+00:00', '3439592756', NULL, '', '', '', NULL, '', '3439592756', '1', '1', '1', '4286577151', '0', '1949957.21', '', '0', '6997782000', '181234', NULL, 'h02', '2024-02-22T11:42:40.000+00:00', '1999-11-30T00:00:00.000+00:00', '2024-02-22T11:37:28.000+00:00', '', '1', '52.079571666667', '4.3235283333333', '0', '0', '0', NULL, '0', NULL),
('181235', 'BQ0514', '1', 'LK_CAR_TQ2020/10/14 11:12', '', '', '1694688850973', '0', '4710256921', 'offline', '2024-03-13T12:23:04.000+00:00', '3499655608', NULL, '', '', '', NULL, '', '3499655608', '1', '1', '1', '4294965759', '0', '4510951.67', '', '100', '17708062000', '181235', NULL, 'h02', '2024-03-13T12:23:04.000+00:00', '2024-03-13T12:23:02.000+00:00', '2024-03-13T12:23:02.000+00:00', '', '1', '52.066608333333', '4.2787566666667', '0', '0', '159', NULL, '0', NULL),
('181239', 'BQ0091', '1', 'LK_CAR_TQ2020/10/14 11:12', '', '', '1679767995254', '0', '4710204980', 'offline', '2024-03-06T18:04:53.000+00:00', '3479396345', NULL, '', '', '', NULL, '', '3479396345', '1', '', '', '4293392895', '0', '2178824.09', '', '5', '9726711000', '181239', NULL, 'h02', '2024-03-06T18:04:53.000+00:00', '2024-03-06T18:04:51.000+00:00', '2024-03-06T18:04:51.000+00:00', '', '1', '51.910318333333', '4.4901566666667', '0', '0', '0', NULL, '0', NULL),
('182664', 'BQ0067', '1', 'LK_CAR_TQ2020/10/14 11:12', '', '', '1694420514175', '0', '4710256419', 'offline', '2024-03-21T05:41:53.855+00:00', '3525024157', NULL, '', '', '', NULL, '', '3525024157', '1', '1', '1', '4294965759', '0', '2218171.24', '', '100', '36055983000', '182664', NULL, 'h02', '2024-03-21T05:41:53.855+00:00', '2024-03-21T05:41:53.000+00:00', '2024-03-21T05:41:53.000+00:00', '', '1', '51.929045', '4.5019683333333', '0', '0', '0', NULL, '0', NULL),
('183597', 'BQ0517', '1', 'LK_CAR_TQ2020/10/14 11:12', '', '', '1707374048010', '0', '4710223989', 'offline', '2024-02-24T12:06:06.000+00:00', '3443980157', NULL, '', '', '', NULL, '', '3443980157', '1', '', '', '4293392895', '0', '2282532.78', '', '5', '17058195000', '183597', NULL, 'h02', '2024-02-24T02:04:50.000+00:00', '2024-02-24T02:03:47.000+00:00', '2024-02-22T11:24:22.000+00:00', '', '1', '52.07935', '4.3234766666667', '0', '0', '0', NULL, '0', NULL),
('183755', 'BQ0519', '1', 'LK_CAR_TQ2020/10/14 11:12', '', '', '1692803861521', '0', '4710225477', 'offline', '2024-03-14T10:23:29.000+00:00', '3502705093', NULL, '', '', '', NULL, '', '3502705093', '1', '1', '1', '4294965759', '0', '2156941.62', '1', '100', '13556400000', '183755', NULL, 'h02', '2024-03-14T10:23:29.000+00:00', '2024-03-14T10:23:28.000+00:00', '2024-03-14T10:23:28.000+00:00', '', '1', '52.078823333333', '4.3227216666667', '0', '2.2', '311', NULL, '0', NULL),
('184303', 'BQ0523', '1', 'LK_CAR_TQ2020/10/14 11:12', '', '', '1688651376642', '0', '4710204369', 'offline', '2024-02-18T02:04:42.000+00:00', '3427592004', NULL, '', '', '', NULL, '', '3427592004', '1', '', '', '4293392895', '0', '2031715.69', '', '5', '7614801000', '184303', NULL, 'h02', '2024-02-18T02:04:42.000+00:00', '2024-02-18T02:04:40.000+00:00', '2024-02-18T02:04:40.000+00:00', '', '1', '52.104206666667', '4.306985', '0', '0', '0', NULL, '0', NULL),
('184312', 'BQ0528', '1', 'LK_CAR_TQ2020/10/14 11:12', '', '', '1704280871736', '0', '4710225599', 'offline', '2024-03-07T18:18:51.000+00:00', '3482718068', NULL, '', '', '', NULL, '', '3482718068', '1', '1', '1', '4294965759', '0', '2036022.37', '', '5', '12465240000', '184312', NULL, 'h02', '2024-03-07T18:07:07.000+00:00', '1999-11-30T00:00:00.000+00:00', '2024-03-06T22:04:35.000+00:00', '', '1', '51.95556', '4.4556783333333', '0', '0', '0', NULL, '0', NULL),
('184324', 'BQ0522', '1', 'LK_CAR_TQ2020/10/14 11:12', '', '', '1681032032421', '0', '4710204316', 'offline', '2024-02-26T02:02:20.000+00:00', '3448365820', NULL, '', '', '', NULL, '', '3448365820', '1', '1', '1', '4294965759', '0', '1747708.15', '', '5', '14929109133', '184324', NULL, 'h02', '2024-02-26T02:02:19.000+00:00', '1999-11-30T00:00:00.000+00:00', '2024-02-23T04:06:43.000+00:00', '', '1', '52.078696666667', '4.3244516666667', '0', '0', '0', NULL, '0', NULL),
('184341', 'BQ0527', '1', 'LK_CAR_TQ2020/10/14 11:12', NULL, NULL, NULL, '0', '4710205079', 'offline', '2024-02-24T16:00:15.000+00:00', '3445612050', NULL, '', '', '', NULL, '', '3445612050', '1', '1', '1', '4294965759', '0', '3178141.16', '', '100', '57672208072', '184341', NULL, 'h02', '2024-02-24T16:00:15.000+00:00', '2024-02-24T16:00:14.000+00:00', '2024-02-24T16:00:14.000+00:00', '', '1', '51.927651666667', '4.4870866666667', '0', '0', '66', NULL, '0', NULL),
('184354', 'BQ0525', '1', 'LK_CAR_TQ2020/10/14 11:12', NULL, NULL, NULL, '0', '4710225420', 'offline', '2024-03-04T14:57:47.000+00:00', '3472078322', NULL, '', '', '', NULL, '', '3472078322', '1', '', '', '4293392895', '0', '2055921.23', '', '0', '12417228000', '184354', NULL, 'h02', '2024-03-04T14:57:47.000+00:00', '2024-03-04T14:57:46.000+00:00', '2024-03-04T14:57:46.000+00:00', '', '1', '51.95551', '4.455', '0', '0', '0', NULL, '0', NULL),
('184357', 'BQ0531', '1', 'LK_CAR_TQ2020/10/14 11:12', NULL, NULL, NULL, '0', '4710204918', 'offline', '2024-03-02T10:29:56.000+00:00', '3464621091', NULL, '', '', '', NULL, '', '3464621091', '1', '', '', '4285004287', '3041.12', '1696173.96', '', '0', '5053677000', '184357', NULL, 'h02', '2024-03-02T10:29:56.000+00:00', '2024-03-02T10:29:54.000+00:00', '2024-03-02T10:29:54.000+00:00', '', '1', '52.020208333333', '5.637205', '0', '0', '0', NULL, '0', NULL),
('184358', 'BQ0532', '1', 'LK_CAR_TQ2020/10/14 11:12', NULL, NULL, NULL, '0', '4710205154', 'offline', '2024-02-07T15:44:34.000+00:00', '3400959779', NULL, '', '', '', 'animal', '', '3400959779', '1', '1', '1', '4286577151', '0', '1406188.08', '', '5', '18330208965', '184358', NULL, 'h02', '2024-02-07T15:44:34.000+00:00', '2024-02-07T15:44:32.000+00:00', '2024-02-07T15:38:21.000+00:00', '', '1', '51.911085', '4.4931333333333', '0', '0', '0', NULL, '0', NULL),
('184366', 'BQ1044', '1', 'LK_CAR_TQ2020/10/14 11:12', '', '', '1699195767292', '0', '4710203529', 'offline', '2024-03-19T12:32:51.000+00:00', '3518794149', NULL, '', '', '', 'animal', '', '3518794149', '1', '', '', '4293392895', '0', '3308787.76', '', '0', '14969991913', '184366', NULL, 'h02', '2024-03-19T12:29:07.000+00:00', '2024-03-19T12:29:04.000+00:00', '2024-03-16T20:06:00.000+00:00', '', '1', '51.9555', '4.4552366666667', '0', '0', '0', NULL, '0', NULL),
('184692', 'BQ0262', '1', 'LK_CAR_TQ2020/10/14 11:12', '', '', '1688319537336', '0', '4710204589', 'offline', '2024-03-17T09:40:13.000+00:00', '3490724332', NULL, '', '', '', NULL, '', '3490724332', '1', '1', '1', '4294965759', '0', '2503909.05', '1', '100', '18306015000', '184692', NULL, 'h02', '2024-03-10T12:55:55.000+00:00', '2024-03-10T12:55:53.000+00:00', '2024-03-10T12:55:53.000+00:00', '', '1', '51.922705', '4.4700166666667', '0', '2.2', '71', NULL, '0', NULL),
('184713', 'BQ0535', '1', 'LK_CAR_TQ2020/10/14 11:12', '', '', NULL, '0', '4710205342', 'offline', '2024-03-06T17:11:32.000+00:00', '3471115531', NULL, '', '', '', NULL, '', '3471115531', '1', '', '', '4293392895', '0', '1860870.51', '', '0', '2305287000', '184713', NULL, 'h02', '2024-03-04T11:11:33.000+00:00', '2024-03-04T11:11:32.000+00:00', '2024-03-04T11:11:32.000+00:00', '', '1', '51.955858333333', '4.45502', '0', '0', '0', NULL, '0', NULL),
('184714', 'BQ0258', '1', 'LK_CAR_TQ2020/10/14 11:12', '', '', '1682523124909', '0', '4710250017', 'offline', '2024-03-01T13:13:33.000+00:00', '3462492097', NULL, '', '', '', NULL, '', '3462492097', '1', '', '', '4293261823', '0', '2992875.67', '', '5', '23613653000', '184714', NULL, 'h02', '2024-03-01T13:13:26.000+00:00', '2024-03-01T13:13:22.000+00:00', '2024-02-26T10:09:19.000+00:00', '', '1', '51.964171666667', '4.4487666666667', '0', '0', '42', NULL, '0', NULL),
('184716', 'BQ0537', '1', 'LK_CAR_TQ2020/10/14 11:12', NULL, NULL, NULL, '0', '4710232277', 'offline', '2024-03-02T04:05:06.000+00:00', '3457569967', NULL, '', '', '', NULL, '', '3457569967', '1', '', '', '4293392895', '0', '1543188.35', '', '5', '6495109000', '184716', NULL, 'h02', '2024-02-29T02:04:59.000+00:00', '2024-02-29T02:04:58.000+00:00', '2024-02-29T02:04:58.000+00:00', '', '1', '52.078723333333', '4.3235466666667', '0', '0', '0', NULL, '0', NULL),
('184719', 'BQ0538', '1', 'LK_CAR_TQ2020/10/14 11:12', NULL, NULL, NULL, '0', '4710205366', 'offline', '2024-03-14T09:04:00.000+00:00', '3502415666', NULL, '', '', '', NULL, '', '3502415666', '1', '1', '1', '4294965759', '0', '2320853.45', '', '100', '10103047000', '184719', NULL, 'h02', '2024-03-14T09:01:32.000+00:00', '2024-03-14T09:01:27.000+00:00', '2024-02-13T13:57:33.000+00:00', '', '1', '52.07656', '4.263985', '0', '0', '13', NULL, '0', NULL),
('185281', 'BQ0530', '1', 'LK_CAR_TQ2020/10/14 11:12', '', '', '1702213238282', '0', '4710233341', 'offline', '2024-03-14T10:53:53.000+00:00', '3502820460', NULL, '', '', '', NULL, '', '3502820460', '1', '1', '1', '4294965759', '0', '2000587.8', '', '100', '7003263000', '185281', NULL, 'h02', '2024-03-14T10:52:44.000+00:00', '2024-03-14T10:52:42.000+00:00', '2024-02-15T12:04:54.000+00:00', '', '1', '52.055328333333', '4.2548716666667', '0', '0', '0', NULL, '0', NULL),
('185282', 'BQ0540', '1', 'LK_CAR_TQ2020/10/14 11:12', '', '', '1692528667903', '0', '4710233344', 'offline', '2024-02-17T09:16:26.000+00:00', '3425510489', NULL, '', '', '', NULL, '', '3425510489', '1', '1', '1', '4294965759', '0', '1354607.88', '', '100', '5698198000', '185282', NULL, 'h02', '2024-02-17T09:15:44.000+00:00', '2024-02-17T09:15:41.000+00:00', '2024-01-04T15:10:05.000+00:00', '', '1', '52.373725', '4.8574066666667', '0', '0', '0', NULL, '0', NULL),
('185283', 'BQ0541', '1', 'LK_CAR_TQ2020/10/14 11:12', '', '', '1696073860276', '0', '4710235633', 'offline', '2024-03-20T14:41:43.000+00:00', '3523519079', NULL, '', '', '', 'animal', '', '3523519079', '1', '', '', '4293392895', '0', '2955681.06', '', '5', '17701519696', '185283', NULL, 'h02', '2024-03-20T14:41:43.000+00:00', '2024-03-20T14:41:42.000+00:00', '2024-03-20T14:41:42.000+00:00', '', '1', '51.95511', '4.45369', '0', '0', '0', NULL, '0', NULL),
('185284', 'BQ0263', '1', 'LK_CAR_TQ2020/10/14 11:12', '', '', '1689350061713', '0', '4710256969', 'offline', '2024-03-21T06:05:07.825+00:00', '3521993068', NULL, '', '', '', NULL, '', '3521993068', '1', '', '', '4293392895', '0', '4531559.99', '', '0', '19314260551', '185284', NULL, 'h02', '2024-03-20T10:05:12.000+00:00', '2024-03-20T10:05:11.000+00:00', '2024-03-20T10:05:11.000+00:00', '', '1', '51.956001666667', '4.455355', '0', '0', '0', NULL, '0', NULL),
('185286', 'BQ0264', '1', 'LK_CAR_TQ2020/10/14 11:12', '', '', '1680538545647', '0', '4710235729', 'offline', '2024-03-21T02:04:57.913+00:00', '3524855521', NULL, '', '', '', NULL, '', '3524855521', '1', '', '', '4293392895', '0', '2279610.29', '', '40', '19343681814', '185286', NULL, 'h02', '2024-03-21T02:04:57.913+00:00', '2024-03-21T02:04:57.000+00:00', '2024-03-21T02:04:57.000+00:00', '', '1', '51.937831666667', '4.48182', '0', '0', '0', NULL, '0', NULL),
('185287', 'BQ0545', '1', 'LK_CAR_TQ2020/10/14 11:12', '', '', '1693718785457', '0', '4710236104', 'offline', '2024-03-21T04:05:40.849+00:00', '3524908430', NULL, '', '', '', NULL, '', '3524908430', '1', '', '', '4293392895', '0', '1862128.63', '', '20', '2638304000', '185287', NULL, 'h02', '2024-03-21T04:05:40.849+00:00', '2024-03-21T04:05:40.000+00:00', '2024-03-21T04:05:40.000+00:00', '', '1', '51.955565', '4.4538433333333', '0', '0', '0', NULL, '0', NULL),
('185290', 'BQ0547', '1', 'LK_CAR_TQ2020/10/14 11:12', '', '', '1697881787495', '0', '4710233904', 'offline', '2024-03-21T09:50:10.065+00:00', '3525875868', NULL, '', '', '', NULL, '', '3525875868', '1', '', '', '4293392895', '0', '1766890.58', '', '20', '14971363538', '185290', NULL, 'h02', '2024-03-21T09:42:23.373+00:00', '2024-03-21T09:40:36.000+00:00', '2024-03-14T10:21:47.000+00:00', '1', '1', '52.079013333333', '4.32341', '0', '0', '278', NULL, '0', NULL),
('185291', 'BQ0548', '1', 'LK_CAR_TQ2020/10/14 11:12', NULL, NULL, NULL, '0', '4710233610', 'offline', '2024-03-14T12:37:51.000+00:00', '3503265559', NULL, '', '', '', NULL, '', '3503265559', '1', '1', '1', '4294965759', '0', '1170740.66', '', '100', '23222843000', '185291', NULL, 'h02', '2024-03-14T12:34:34.000+00:00', '2024-03-14T12:34:32.000+00:00', '2024-01-03T14:23:19.000+00:00', '', '1', '52.05715', '4.250735', '0', '0', '158', NULL, '0', NULL),
('185292', 'BQ0549', '1', 'LK_CAR_TQ2020/10/14 11:12', '', '', '1675596781599', '0', '4710233288', 'offline', '2024-03-21T04:06:04.942+00:00', '3518826442', NULL, '', '', '', NULL, '', '3518826442', '1', '', '', '4293392895', '0', '1946761.52', '', '20', '6560424000', '185292', NULL, 'h02', '2024-03-19T12:36:26.000+00:00', '2024-03-19T12:36:25.000+00:00', '2024-03-19T12:36:25.000+00:00', '', '1', '51.955265', '4.4554016666667', '0', '0', '0', NULL, '0', NULL),
('185297', 'BQ0553', '1', 'LK_CAR_TQ2020/10/14 11:12', '', '', '1698959566812', '0', '4710237247', 'offline', '2024-03-21T08:05:04.048+00:00', '3524756118', NULL, '', '', '', NULL, '', '3524756118', '1', '', '', '4293392895', '0', '1867871.22', '', '0', '11992697000', '185297', NULL, 'h02', '2024-03-20T22:02:20.126+00:00', '2024-03-20T22:02:18.000+00:00', '2024-03-14T14:02:35.000+00:00', '1', '1', '51.955586666667', '4.4553416666667', '0', '0', '0', NULL, '0', NULL),
('185299', 'BQ0265', '1', 'LK_CAR_TQ2020/10/14 11:12', '', '', '1699363595077', '0', '4710234262', 'offline', '2024-02-24T09:56:17.000+00:00', '3444391052', NULL, '', '', '', NULL, '', '3444391052', '1', '', '', '4016568831', '0', '2000855.78', '', '0', '27141323569', '185299', NULL, 'h02', '2024-02-24T09:56:17.000+00:00', '2024-02-24T09:56:15.000+00:00', '2024-02-24T09:56:15.000+00:00', '', '1', '51.910523333333', '4.490215', '0', '0', '155', NULL, '0', NULL),
('185301', 'BQ0555', '1', 'LK_CAR_TQ2020/10/14 11:12', '', '', '1696841214343', '0', '4710256946', 'offline', '2024-03-20T14:05:01.000+00:00', '3523278610', NULL, '', '', '', NULL, '', '3523278610', '1', '', '', '4293392895', '0', '2116754.92', '', '40', '9771013000', '185301', NULL, 'h02', '2024-03-20T14:05:01.000+00:00', '2024-03-20T14:05:00.000+00:00', '2024-03-20T14:05:00.000+00:00', '', '1', '52.079496666667', '4.3228333333333', '0', '0', '0', NULL, '0', NULL),
('185303', 'BQ0556', '1', 'LK_CAR_TQ2020/10/14 11:12', '', '', '1685378507844', '0', '4710229377', 'offline', '2024-03-07T06:02:32.000+00:00', '3476388119', NULL, '', '', '', NULL, '', '3476388119', '1', '1', '1', '4294965759', '0', '1657846.6', '', '5', '7090137000', '185303', NULL, 'h02', '2024-03-06T00:04:06.000+00:00', '1999-11-30T00:00:00.000+00:00', '2024-03-06T00:03:30.000+00:00', '', '1', '52.055651666667', '4.2471266666667', '0', '0', '0', NULL, '0', NULL),
('185308', 'BQ0554', '1', 'LK_CAR_TQ2020/10/14 11:12', '', '', NULL, '0', '4710233487', 'offline', '2024-03-07T14:05:48.000+00:00', '3481797873', NULL, '', '', '', NULL, '', '3481797873', '1', '1', '1', '4294834687', '0', '2115046.04', '', '100', '19650918589', '185308', NULL, 'h02', '2024-03-07T14:05:48.000+00:00', '2024-03-07T14:04:33.000+00:00', '2024-02-16T18:05:37.000+00:00', '', '1', '52.106383333333', '4.2803983333333', '0', '0', '0', NULL, '0', NULL),
('185311', 'BQ0560', '1', 'LK_CAR_TQ2020/10/14 11:12', NULL, NULL, NULL, '0', '4710230779', 'online', '2024-03-21T10:06:01.005+00:00', '3519256831', NULL, '', '', '', NULL, '', '3519256831', '1', '', '', '4293392895', '0', '1644707.28', '', '5', '2160871000', '185311', NULL, 'h02', '2024-03-19T14:06:44.000+00:00', '2024-03-19T14:06:42.000+00:00', '2024-03-19T14:06:42.000+00:00', '', '1', '51.955381666667', '4.45392', '0', '0', '0', NULL, '0', NULL),
('185316', 'BQ0561', '1', 'LK_CAR_TQ2020/10/14 11:12', '', '', '1687611312335', '0', '4710236143', 'online', '2024-03-21T10:05:49.115+00:00', '3523277091', NULL, '', '', '', NULL, '', '3523277091', '1', '', '', '4293392895', '0', '1991747.67', '', '5', '6204383000', '185316', NULL, 'h02', '2024-03-20T14:04:50.000+00:00', '2024-03-20T14:04:48.000+00:00', '2024-03-20T14:04:48.000+00:00', '', '1', '51.955193333333', '4.4556566666667', '0', '0', '0', NULL, '0', NULL),
('185318', 'BQ0562', '1', 'LK_CAR_TQ2020/10/14 11:12', '', '', '1665152332946', '0', '4710231175', 'offline', '2024-03-20T14:05:57.000+00:00', '3523285214', NULL, '', '', '', 'animal', '', '3523285214', '1', '', '', '4293392895', '0', '3605406.32', '', '40', '14256483000', '185318', NULL, 'h02', '2024-03-20T14:05:57.000+00:00', '2024-03-20T14:05:56.000+00:00', '2024-03-20T14:05:56.000+00:00', '', '1', '51.955136666667', '4.4539233333333', '0', '0', '0', NULL, '0', NULL),
('185320', 'BQ0563', '1', 'LK_CAR_TQ2020/10/14 11:12', '', '', '1686401134821', '0', '4710236525', 'offline', '2024-03-21T09:02:54.111+00:00', '3525746885', NULL, '', '', '', NULL, '', '3525746885', '1', '', '', '4293392895', '0', '1972750.13', '', '40', '5763594000', '185320', NULL, 'h02', '2024-03-21T09:02:54.111+00:00', '2024-03-21T09:02:53.000+00:00', '2024-03-21T09:02:53.000+00:00', '', '1', '51.955443333333', '4.4553483333333', '0', '0', '229', NULL, '0', NULL),
('185321', 'BQ0564', '1', 'LK_CAR_TQ2020/10/14 11:12', '', '', '1678362363087', '0', '4710235400', 'offline', '2024-03-21T09:54:31.070+00:00', '3515760428', NULL, '', '', '', 'animal', '', '3515760428', '1', '', '', '4293392895', '0', '1378420.21', '', '100', '8977485000', '185321', NULL, 'h02', '2024-03-18T13:51:29.000+00:00', '2024-03-18T13:51:27.000+00:00', '2024-03-18T13:51:27.000+00:00', '', '1', '51.955541666667', '4.4551083333333', '0', '0', '0', NULL, '0', NULL),
('185367', 'BQ1045', '1', 'LK_CAR_TQ2020/10/14 11:12', '', '', '1684054026373', '0', '4710204370', 'offline', '2024-03-05T11:18:15.000+00:00', '3474484384', NULL, '', '', '', NULL, '', '3474484384', '1', '1', '1', '4294965759', '0', '1731909.84', '', '100', '5775714000', '185367', NULL, 'h02', '2024-03-05T11:15:42.000+00:00', '2024-03-05T11:15:39.000+00:00', '2024-02-26T02:39:02.000+00:00', '', '1', '52.006675', '5.6677666666667', '0', '0', '0', NULL, '0', NULL),
('185368', 'BQ0568', '1', 'LK_CAR_TQ2020/10/14 11:12', '', '', '1703340806088', '0', '4710225526', 'offline', '2024-02-22T13:49:39.000+00:00', '3429995459', NULL, '', '', '', NULL, '', '3429995459', '', '1', '1', '4294966271', '0', '1846511.78', '', '100', '57142853264', '185368', NULL, 'h02', '2024-02-19T08:05:04.000+00:00', '2024-02-19T08:05:02.000+00:00', '2024-02-19T08:05:02.000+00:00', '', '1', '52.075551666667', '4.3160766666667', '0', '0', '0', NULL, '0', NULL),
('185372', 'BQ0251', '1', 'LK_CAR_TQ2020/10/14 11:12', NULL, NULL, NULL, '0', '4710204446', 'offline', '2023-10-28T18:02:55.000+00:00', '3165353978', NULL, '', '', '', NULL, '', '3165353978', '1', '1', '1', '4294965759', '0', '2167381.54', '', '25', '6757513000', '185372', NULL, 'h02', '2023-10-28T18:02:19.000+00:00', '1999-11-30T00:00:00.000+00:00', '2023-10-28T18:01:30.000+00:00', '', '1', '51.955681666667', '4.45502', '0', '0', '0', NULL, '0', NULL),
('185375', 'BQ0569', '1', 'LK_CAR_TQ2020/10/14 11:12', '', '', NULL, '0', '4710236210', 'offline', '2024-03-21T04:05:00.117+00:00', '3524907634', NULL, '', '', '', NULL, '', '3524907634', '1', '', '', '4293392895', '0', '961308.03', '', '5', '337969000', '185375', NULL, 'h02', '2024-03-21T04:05:00.117+00:00', '2024-03-21T04:04:59.000+00:00', '2024-03-21T04:04:59.000+00:00', '', '1', '52.079136666667', '4.3234583333333', '0', '0', '0', NULL, '0', NULL),
('185376', 'BQ0571', '1', 'LK_CAR_TQ2020/10/14 11:12', '', '', '1663939690562', '0', '4710235304', 'offline', '2024-03-14T12:53:38.000+00:00', '3503353985', NULL, '', '', '', NULL, '', '3503353985', '1', '', '', '4293392895', '0', '1437663.27', '', '0', '9929992000', '185376', NULL, 'h02', '2024-03-14T12:53:38.000+00:00', '2024-03-14T12:53:12.000+00:00', '2024-03-10T12:05:00.000+00:00', '', '1', '52.056771666667', '4.2464483333333', '0', '0', '0', NULL, '0', NULL),
('185415', 'BQ0572', '1', 'LK_CAR_TQ2020/10/14 11:12', '', '', '1703692241445', '0', '4710236416', 'offline', '2024-03-21T07:59:03.201+00:00', '3525524224', NULL, '', '', '', 'animal', '', '3525524224', '1', '', '', '4024957439', '0', '5206400.53', '', '100', '11741768710', '185415', NULL, 'h02', '2024-03-21T07:59:03.201+00:00', '2024-03-21T07:59:02.000+00:00', '2024-03-21T07:59:02.000+00:00', '', '1', '52.10553', '4.2806833333333', '0', '0', '11', NULL, '0', NULL),
('185419', 'BQ0573', '1', 'LK_CAR_TQ2020/10/14 11:12', '', '', '1672969463949', '0', '4710233257', 'offline', '2024-03-13T10:53:29.000+00:00', '3499312314', NULL, '', '', '', NULL, '', '3499312314', '1', '1', '1', '4294834687', '0', '2233664.75', '', '100', '7152262000', '185419', NULL, 'h02', '2024-03-13T10:53:15.000+00:00', '2024-03-13T10:53:15.000+00:00', '2024-03-13T10:49:58.000+00:00', '', '1', '52.10427', '4.2796266666667', '0', '0', '251', NULL, '0', NULL),
('185422', 'BQ0574', '1', 'LK_CAR_TQ2020/10/14 11:12', '', '', '1705438345001', '0', '4710236450', 'offline', '2024-03-21T06:04:53.593+00:00', '3525078771', NULL, '', '', '', NULL, '', '3525078771', '1', '1', '1', '4294965759', '0', '2218310.57', '', '100', '9211367767', '185422', NULL, 'h02', '2024-03-21T06:04:53.593+00:00', '2024-03-21T06:04:52.000+00:00', '2024-03-21T06:04:52.000+00:00', '', '1', '52.079445', '4.3236016666667', '0', '0', '0', NULL, '0', NULL),
('185425', 'BQ0575', '1', 'LK_CAR_TQ2020/10/14 11:12', '', '', '1656359247743', '0', '4710229327', 'offline', '2024-02-05T22:05:27.000+00:00', '3392911077', NULL, '', '', '', NULL, '', '3392911077', '1', '1', '1', '4294965759', '0', '1726768.17', '', '0', '14985732000', '185425', NULL, 'h02', '2024-02-04T16:04:24.000+00:00', '2024-02-04T16:04:22.000+00:00', '2024-02-04T16:04:22.000+00:00', '', '1', '52.105463333333', '4.2771183333333', '0', '0', '0', NULL, '0', NULL),
('185438', 'BQ0577', '1', 'LK_CAR_TQ2020/10/14 11:12', NULL, NULL, NULL, '0', '4710237231', 'offline', '2024-03-21T00:06:58.637+00:00', '3514664621', NULL, '', '', '', NULL, '', '3514664621', '1', '', '', '4293392895', '0', '1934269.56', '', '40', '13052520000', '185438', NULL, 'h02', '2024-03-18T08:06:04.000+00:00', '2024-03-18T08:04:27.000+00:00', '2024-03-10T04:06:41.000+00:00', '', '1', '52.080556666667', '4.32412', '0', '0', '0', NULL, '0', NULL),
('185440', 'BQ0578', '1', 'LK_CAR_TQ2020/10/14 11:12', '', '', '1703940331777', '0', '4710230598', 'offline', '2024-01-30T03:10:43.000+00:00', '3377960075', NULL, '', '', '', NULL, '', '3377960075', '1', '', '', '4293392895', '0', '1900692.91', '', '100', '5618244000', '185440', NULL, 'h02', '2024-01-30T03:10:43.000+00:00', '2024-01-30T03:10:42.000+00:00', '2024-01-30T03:10:42.000+00:00', '', '1', '52.108015', '4.2773166666667', '0', '0', '0', NULL, '0', NULL),
('185441', 'BQ0579', '1', 'LK_CAR_TQ2020/10/14 11:12', '', '', '1692907415813', '0', '4710256936', 'offline', '2024-03-21T02:04:51.855+00:00', '3524855197', NULL, '', '', '', NULL, '', '3524855197', '1', '', '', '4293392895', '0', '1814055.84', '', '40', '4935285000', '185441', NULL, 'h02', '2024-03-21T02:04:51.855+00:00', '2024-03-21T02:04:51.000+00:00', '2024-03-21T02:04:51.000+00:00', '', '1', '52.078905', '4.323415', '0', '0', '0', NULL, '0', NULL),
('185445', 'BQ0580', '1', 'LK_CAR_TQ2020/10/14 11:12', NULL, NULL, NULL, '0', '4710230633', 'offline', '2024-03-20T14:45:10.000+00:00', '3523541857', NULL, '', '', '', NULL, '', '3523541857', '1', '', '', '4293392895', '0', '2117247.92', '', '20', '5313133000', '185445', NULL, 'h02', '2024-03-20T14:45:10.000+00:00', '2024-03-20T14:45:09.000+00:00', '2024-03-20T14:45:09.000+00:00', '', '1', '51.955031666667', '4.4538866666667', '0', '0', '342', NULL, '0', NULL),
('185453', 'BQ0582', '1', 'LK_CAR_TQ2020/10/14 11:12', '', '', '1684489539118', '0', '4710236906', 'offline', '2024-03-02T12:27:35.000+00:00', '3465073441', NULL, '', '', '', NULL, '', '3465073441', '1', '1', '1', '4294965759', '0', '1672835.37', '', '100', '12810340000', '185453', NULL, 'h02', '2024-03-02T12:27:35.000+00:00', '2024-03-02T12:27:34.000+00:00', '2024-03-02T12:27:34.000+00:00', '', '1', '52.025165', '5.6615283333333', '0', '0', '72', NULL, '0', NULL),
('185455', 'BQ0583', '1', 'LK_CAR_TQ2020/10/14 11:12', '', '', '1685778782687', '0', '4710233338', 'offline', '2024-02-15T11:56:51.000+00:00', '3420225217', NULL, '', '', '', NULL, '', '3420225217', '1', '1', '1', '4294965759', '38.11', '1878911.95', '1', '100', '4819279000', '185455', NULL, 'h02', '2024-02-15T11:56:51.000+00:00', '2024-02-15T11:56:50.000+00:00', '2024-02-15T11:56:50.000+00:00', '', '1', '51.955981666667', '4.4556483333333', '0', '20', '53', NULL, '0', NULL),
('185790', 'BQ0587', '1', 'LK_CAR_TQ2020/10/14 11:12', '', '', '1685814179987', '0', '4710233277', 'offline', '2024-03-21T09:06:41.060+00:00', '3525759182', NULL, '', '', '', NULL, '', '3525759182', '1', '', '', '4293261823', '0', '2042043.44', '', '5', '11706878000', '185790', NULL, 'h02', '2024-03-21T09:06:41.060+00:00', '2024-03-21T09:06:39.000+00:00', '2024-03-21T09:06:39.000+00:00', '', '1', '51.95596', '4.4551383333333', '0', '0', '0', NULL, '0', NULL),
('185791', 'BQ0588', '1', 'LK_CAR_TQ2020/10/14 11:12', '', '', '1697697919833', '0', '4710256860', 'offline', '2024-03-21T06:05:44.438+00:00', '3518837428', NULL, '', '', '', NULL, '', '3518837428', '1', '', '', '4293392895', '0', '2561192.66', '', '0', '10381331970', '185791', NULL, 'h02', '2024-03-19T12:38:59.000+00:00', '2024-03-19T12:38:58.000+00:00', '2024-03-19T12:38:58.000+00:00', '', '1', '51.955406666667', '4.453995', '0', '0', '293', NULL, '0', NULL),
('185793', 'BQ0589', '1', 'LK_CAR_TQ2020/10/14 11:12', '', '', '1686873558311', '0', '4710234357', 'offline', '2024-03-21T02:06:57.925+00:00', '3518153220', NULL, '', '', '', NULL, '', '3518153220', '1', '', '', '4293392895', '0', '2056837.31', '', '0', '7018769316', '185793', NULL, 'h02', '2024-03-19T09:42:06.000+00:00', '2024-03-19T09:42:04.000+00:00', '2024-03-19T09:42:04.000+00:00', '', '1', '51.955138333333', '4.454055', '0', '0', '0', NULL, '0', NULL),
('186248', 'BQ0590', '1', 'LK_CAR_TQ2020/10/14 11:12', '', '', '1685815103551', '0', '4710233329', 'offline', '2023-10-07T20:04:52.000+00:00', '3089035015', NULL, '', '', '', NULL, '', '3089035015', '1', '', '', '4293392895', '0', '6721744.63', '', '5', '10758759000', '186248', NULL, 'h02', '2023-10-07T20:03:38.000+00:00', '2023-10-07T20:03:38.000+00:00', '2023-10-07T20:03:38.000+00:00', '', '1', '52.066538333333', '4.27701', '0', '0', '0', NULL, '0', NULL),
('191781', 'ECO001', '1', 'LK_CAR_TQ2020/10/14 11:12', NULL, NULL, NULL, '0', '4710230331', 'offline', '2023-12-23T15:27:33.000+00:00', '3306622950', NULL, '', '', '', NULL, '', '3306622950', '1', '', '', '4016568831', '0', '3385573.33', '', '0', '16174082380', '191781', NULL, 'h02', '2023-12-23T15:27:33.000+00:00', '2023-12-23T15:27:32.000+00:00', '2023-12-23T15:27:32.000+00:00', '', '1', '51.955805', '4.4552616666667', '0', '0', '0', NULL, '0', NULL),
('191867', 'BQ0591', '1', 'LK_CAR_TQ2020/10/14 11:12', '', '', '1664371853973', '0', '4710235908', 'offline', '2024-03-20T10:03:19.000+00:00', '3508976529', NULL, '', '', '', NULL, '', '3508976529', '1', '', '', '4293392895', '0', '1146554.81', '', '60', '27868687741', '191867', NULL, 'h02', '2024-03-16T07:59:35.000+00:00', '2024-03-16T07:57:55.000+00:00', '2024-02-24T15:01:13.000+00:00', '', '1', '51.921378333333', '4.4885933333333', '0', '0', '0', NULL, '0', NULL),
('191902', 'BQ0260', '1', 'LK_CAR_TQ2020/10/14 11:12', '', '', '1694275537756', '0', '4710234063', 'offline', '2024-03-21T00:05:37.769+00:00', '3520882315', NULL, '', '', '', NULL, '', '3520882315', '1', '', '', '4293392895', '0', '1981804.39', '', '20', '20509110000', '191902', NULL, 'h02', '2024-03-20T04:03:01.000+00:00', '2024-03-20T04:02:24.000+00:00', '2024-03-19T08:04:50.000+00:00', '', '1', '51.955108333333', '4.4541833333333', '0', '0', '0', NULL, '0', NULL),
('191940', 'BQ0255', '1', 'LK_CAR_TQ2020/10/14 11:12', '', '', '1662410375746', '0', '4710232267', 'offline', '2024-03-02T00:42:26.000+00:00', '3464020171', NULL, '', '', '', NULL, '', '3464020171', '1', '1', '1', '4294965759', '0', '1446763.76', '1', '100', '23458596000', '191940', NULL, 'h02', '2024-03-01T23:52:23.000+00:00', '2024-03-01T23:52:22.000+00:00', '2024-03-01T23:52:22.000+00:00', '', '1', '52.050031666667', '5.63041', '0', '3', '167', NULL, '0', NULL),
('192011', 'BQ0122', '1', 'LK_CAR_TQ2020/10/14 11:12', '', '', '1693671080134', '0', '4710220821', 'offline', '2024-03-17T22:29:10.000+00:00', '3514017477', NULL, '', '', '', NULL, '', '3514017477', '1', '1', '1', '4294965759', '0', '2216066.07', '', '100', '9096197000', '192011', NULL, 'h02', '2024-03-17T22:29:10.000+00:00', '2024-03-17T22:29:09.000+00:00', '2024-03-17T22:29:09.000+00:00', '', '1', '51.960598333333', '4.5016883333333', '0', '0', '321', NULL, '0', NULL),
('192015', 'BQ0254', '1', 'LK_CAR_TQ2020/10/14 11:12', '', '', '1695479748324', '0', '4710233980', 'offline', '2024-03-20T08:39:34.000+00:00', '3521654224', NULL, '', '', '', NULL, '', '3521654224', '1', '', '', '4293392895', '0', '2267585.97', '', '60', '11625847000', '192015', NULL, 'h02', '2024-03-20T08:39:34.000+00:00', '2024-03-20T08:39:33.000+00:00', '2024-03-20T08:39:33.000+00:00', '', '1', '51.955101666667', '4.4538766666667', '0', '0', '0', NULL, '0', NULL),
('192016', 'BQ0256', '1', 'LK_CAR_TQ2020/10/14 11:12', '', '', '1669112745799', '0', '4710234837', 'offline', '2024-03-15T12:58:55.000+00:00', '3507090143', NULL, '', '', '', NULL, '', '3507090143', '', '1', '1', '4294959103', '0', '2136531.4', '', '100', '23383655364', '192016', NULL, 'h02', '2024-03-15T12:58:55.000+00:00', '2024-03-15T12:58:53.000+00:00', '2024-03-15T12:58:53.000+00:00', '', '1', '51.922555', '4.4692933333333', '0', '0', '340', NULL, '0', NULL),
('192017', 'BQ0253', '1', 'LK_CAR_TQ2020/10/14 11:12', '', '', '1695236806644', '0', '4710234018', 'offline', '2024-02-18T04:21:56.000+00:00', '3420778951', NULL, '', '', '', NULL, '', '3420778951', '1', '', '', '4293392895', '0', '1845320.91', '', '0', '14089054000', '192017', NULL, 'h02', '2024-02-15T14:16:04.000+00:00', '2024-02-15T14:16:03.000+00:00', '2024-02-15T14:16:03.000+00:00', '', '1', '51.956598333333', '4.454875', '0', '0', '356', NULL, '0', NULL),
('192018', 'BQ0257', '1', 'LK_CAR_TQ2020/10/14 11:12', '', '', '1702094610000', '0', '4710234060', 'online', '2024-03-21T10:06:03.071+00:00', '3525967843', NULL, '', '', '', NULL, '', '3525967843', '1', '', '', '4293392895', '0', '14320369.18', '', '100', '16366026105', '192018', NULL, 'h02', '2024-03-21T10:06:03.071+00:00', '2024-03-21T10:06:02.000+00:00', '2024-03-21T10:06:02.000+00:00', '', '1', '51.952811666667', '4.4600366666667', '0', '0', '0', NULL, '0', NULL),
('192663', 'BQ0233', '1', 'LK_CAR_TQ2020/10/14 11:12', '', '', '1694002184273', '0', '4710239504', 'offline', '2024-03-19T13:01:17.000+00:00', '3472846500', NULL, '', '', '', NULL, '', '3472846500', '1', '1', '1', '4294965759', '0', '2455892.13', '', '40', '11976549000', '192663', NULL, 'h02', '2024-03-04T17:54:46.000+00:00', '2024-03-04T17:53:01.000+00:00', '2024-02-25T13:53:39.000+00:00', '', '1', '51.95572', '4.45508', '0', '0', '0', NULL, '0', NULL),
('194664', 'BQ0078', '1', 'LK_CAR_TQ2020/10/14 11:12', '', '', '1688658700073', '0', '4710229374', 'offline', '2024-03-21T06:04:03.146+00:00', '3520805378', NULL, '', '', '', NULL, '', '3520805378', '1', '', '', '4293392895', '0', '1995123.36', '', '20', '7600550000', '194664', NULL, 'h02', '2024-03-20T00:03:49.000+00:00', '2024-03-20T00:03:48.000+00:00', '2024-03-20T00:03:48.000+00:00', '', '1', '51.955183333333', '4.4539983333333', '0', '0', '0', NULL, '0', NULL),
('195516', 'BQ1001', '1', 'LK_CAR_TQ2020/10/14 11:12', NULL, NULL, NULL, '0', '4710233971', 'offline', '2024-02-14T04:04:54.000+00:00', '3416308353', NULL, '', '', '', NULL, '', '3416308353', '1', '', '', '4293392895', '0', '1648268.11', '', '0', '2913853000', '195516', NULL, 'h02', '2024-02-14T04:04:54.000+00:00', '2024-02-14T04:04:53.000+00:00', '2024-02-14T04:04:53.000+00:00', '', '1', '51.056488333333', '3.7402816666667', '0', '0', '0', NULL, '0', NULL);
INSERT INTO `gps` (`id`, `title`, `attribute_b2b`, `attribute_firmware`, `attribute_guarded`, `attribute_alarm`, `attribute_lastAlarm`, `groupId`, `uniqueId`, `stat`, `lastUpdate`, `positionId`, `geofenceIds`, `phone`, `model`, `contact`, `category`, `isDisabled`, `positions_id`, `positions_armed`, `positions_charge`, `positions_ignition`, `positions_stat`, `positions_distance`, `positions_totalDistance`, `positions_motion`, `positions_batteryLevel`, `positions_hours`, `deviceId`, `thisType`, `protocol`, `serverTime`, `deviceTime`, `fixTime`, `outdated`, `valid`, `latitude`, `longitude`, `altitude`, `speed`, `course`, `thisAddress`, `accuracy`, `network`) VALUES
('195519', 'BQ1002', '1', 'LK_CAR_TQ2020/10/14 11:12', '', '', '1673786177266', '0', '4710242124', 'offline', '2024-03-20T20:06:04.172+00:00', '3523426080', NULL, '', '', '', NULL, '', '3523426080', '1', '', '', '4293392895', '0', '1559061.75', '', '5', '3051513000', '195519', NULL, 'h02', '2024-03-20T14:27:58.000+00:00', '2024-03-20T14:27:57.000+00:00', '2024-03-20T14:27:57.000+00:00', '', '1', '51.955576666667', '4.45518', '0', '0', '0', NULL, '0', NULL),
('195520', 'BQ1003', '1', 'LK_CAR_TQ2020/10/14 11:12', '', '', '1691835766800', '0', '4710228273', 'offline', '2024-03-21T10:02:59.722+00:00', '3510964374', NULL, '', '', '', NULL, '', '3510964374', '1', '', '', '4293392895', '0', '1309107.24', '', '40', '15474588000', '195520', NULL, 'h02', '2024-03-16T17:59:31.000+00:00', '2024-03-16T17:59:29.000+00:00', '2024-03-13T22:00:59.000+00:00', '', '1', '51.956505', '4.45471', '0', '0', '0', NULL, '0', NULL),
('195521', 'BQ1004', '1', 'LK_CAR_TQ2020/10/14 11:12', NULL, NULL, NULL, '0', '4710233966', 'offline', '2024-03-20T14:28:35.000+00:00', '3523429991', NULL, '', '', '', NULL, '', '3523429991', '1', '', '', '4293392895', '0', '1657109.38', '', '20', '4155584000', '195521', NULL, 'h02', '2024-03-20T14:28:35.000+00:00', '2024-03-20T14:28:34.000+00:00', '2024-03-20T14:28:34.000+00:00', '', '1', '51.955466666667', '4.455075', '0', '0', '0', NULL, '0', NULL),
('195522', 'BQ1005', '1', 'LK_CAR_TQ2020/10/14 11:12', NULL, NULL, NULL, '0', '4710233953', 'offline', '2024-03-21T08:04:58.434+00:00', '3525550724', NULL, '', '', '', 'bicycle', '', '3525550724', '1', '', '', '4293392895', '0', '2019550.43', '', '20', '598720000', '195522', NULL, 'h02', '2024-03-21T08:04:58.433+00:00', '2024-03-21T08:04:57.000+00:00', '2024-03-21T08:04:57.000+00:00', '', '1', '51.95503', '4.45431', '0', '0', '0', NULL, '0', NULL),
('195524', 'BQ1006', '1', 'LK_CAR_TQ2020/10/14 11:12', NULL, NULL, NULL, '0', '4710234195', 'offline', '2024-03-21T06:04:47.050+00:00', '3525078407', NULL, '', '', '', NULL, '', '3525078407', '1', '', '', '4293392895', '0', '2020052.5', '', '40', '10820590000', '195524', NULL, 'h02', '2024-03-21T06:04:47.050+00:00', '2024-03-21T06:04:46.000+00:00', '2024-03-21T06:04:46.000+00:00', '', '1', '51.95498', '4.4540883333333', '0', '0', '0', NULL, '0', NULL),
('195526', 'BQ1007', '1', 'LK_CAR_TQ2020/10/14 11:12', '', '', '1707661298431', '0', '4710242133', 'offline', '2024-03-21T02:05:08.240+00:00', '3524855972', NULL, '', '', '', NULL, '', '3524855972', '1', '', '', '4293392895', '0', '1754475.71', '', '40', '4187152837', '195526', NULL, 'h02', '2024-03-21T02:05:08.240+00:00', '2024-03-21T02:05:04.000+00:00', '2024-03-21T02:05:04.000+00:00', '', '1', '51.95574', '4.4554916666667', '0', '0', '0', NULL, '0', NULL),
('195527', 'BQ0999', '1', 'LK_CAR_TQ2020/10/14 11:12', NULL, NULL, NULL, '0', '4710242456', 'offline', '2024-03-12T05:50:14.000+00:00', '3495150651', NULL, '', '', '', NULL, '', '3495150651', '1', '1', '1', '4294965759', '0', '1471961.24', '', '100', '18616491000', '195527', NULL, 'h02', '2024-03-12T05:45:00.000+00:00', '2024-03-12T05:44:57.000+00:00', '2024-02-16T21:18:24.000+00:00', '', '1', '51.056648333333', '3.7402583333333', '0', '0', '0', NULL, '0', NULL),
('195528', 'BQ1009', '1', 'LK_CAR_TQ2020/10/14 11:12', '', '', '1684750766769', '0', '4710231366', 'offline', '2024-03-20T12:20:30.000+00:00', '3522662001', NULL, '', '', '', NULL, '', '3522662001', '1', '1', '1', '4294965759', '0', '1386684.22', '', '40', '24188119957', '195528', NULL, 'h02', '2024-03-20T12:20:30.000+00:00', '1999-11-30T00:00:00.000+00:00', '2024-03-12T12:26:59.000+00:00', '', '1', '51.954156666667', '4.45319', '0', '0', '343', NULL, '0', NULL),
('195761', 'BQ1011', '1', 'LK_CAR_TQ2020/10/14 11:12', NULL, NULL, NULL, '0', '4710230599', 'offline', '2024-03-12T05:48:46.000+00:00', '3495154033', NULL, '', '', '', NULL, '', '3495154033', '1', '1', '1', '4294965759', '0', '1249248.32', '', '100', '28923912000', '195761', NULL, 'h02', '2024-03-12T05:46:36.000+00:00', '2024-03-12T05:46:33.000+00:00', '2024-02-29T12:04:53.000+00:00', '', '1', '51.056531666667', '3.7403666666667', '0', '0', '0', NULL, '0', NULL),
('195767', 'BQ1010', '1', 'LK_CAR_TQ2020/10/14 11:12', '', '', '1678637335137', '0', '4710230775', 'offline', '2024-03-20T08:06:54.000+00:00', '3521533094', NULL, '', '', '', NULL, '', '3521533094', '1', '', '', '4293392895', '0', '1883975.26', '', '20', '8165749000', '195767', NULL, 'h02', '2024-03-20T08:04:54.000+00:00', '2024-03-20T08:04:51.000+00:00', '2024-03-18T22:05:59.000+00:00', '', '1', '51.955153333333', '4.4538966666667', '0', '0', '0', NULL, '0', NULL),
('195770', 'BQ1012', '1', 'LK_CAR_TQ2020/10/14 11:12', '', '', '1705074751176', '0', '4710235587', 'offline', '2024-02-08T09:35:53.000+00:00', '3402472419', NULL, '', '', '', NULL, '', '3402472419', '1', '', '', '4293392895', '0', '1661696.61', '', '60', '28294769000', '195770', NULL, 'h02', '2024-02-08T09:35:53.000+00:00', '2024-02-08T09:35:51.000+00:00', '2024-02-08T09:35:51.000+00:00', '', '1', '51.957125', '4.4909583333333', '0', '0', '0', NULL, '0', NULL),
('195774', 'BQ1014', '1', 'LK_CAR_TQ2020/10/14 11:12', '', '', '1699524975470', '0', '4710230639', 'offline', '2024-03-21T04:03:59.847+00:00', '3524906047', NULL, '', '', '', NULL, '', '3524906047', '1', '', '', '4293392895', '0', '2311487.58', '', '20', '5227088000', '195774', NULL, 'h02', '2024-03-21T04:03:59.847+00:00', '2024-03-21T04:03:58.000+00:00', '2024-03-21T04:03:58.000+00:00', '', '1', '51.955085', '4.4539983333333', '0', '0', '0', NULL, '0', NULL),
('195775', 'BQ1015', '1', 'LK_CAR_TQ2020/10/14 11:12', '', '', '1677165879262', '0', '4710233996', 'offline', '2024-03-12T10:07:44.000+00:00', '3495977742', NULL, '', '', '', 'animal', '', '3495977742', '1', '1', '1', '4294965759', '0', '2827358.16', '', '100', '12514048000', '195775', NULL, 'h02', '2024-03-12T10:04:00.000+00:00', '2024-03-12T10:03:47.000+00:00', '2024-03-10T06:04:49.000+00:00', '', '1', '51.068418333333', '3.6844883333333', '0', '0', '0', NULL, '0', NULL),
('195777', 'BQ1013', '1', 'LK_CAR_TQ2020/10/14 11:12', '', '', '1686220498109', '0', '4710230782', 'online', '2024-03-21T10:03:43.104+00:00', '3525957707', NULL, '', '', '', NULL, '', '3525957707', '1', '', '', '4293392895', '0', '2131224.09', '', '80', '975750000', '195777', NULL, 'h02', '2024-03-21T10:03:43.104+00:00', '2024-03-21T10:03:42.000+00:00', '2024-03-21T10:03:42.000+00:00', '', '1', '51.955198333333', '4.45386', '0', '0', '0', NULL, '0', NULL),
('195778', 'BQ1017', '1', 'LK_CAR_TQ2020/10/14 11:12', '', '', '1700324903436', '0', '4710229943', 'offline', '2024-03-01T20:45:20.000+00:00', '3463898632', NULL, '', '', '', NULL, '', '3463898632', '1', '', '', '4293392895', '31.19', '1815102.08', '1', '0', '2268259000', '195778', NULL, 'h02', '2024-03-01T20:45:20.000+00:00', '2024-03-01T20:45:19.000+00:00', '2024-03-01T20:45:19.000+00:00', '', '1', '52.036458333333', '5.6759883333333', '0', '9', '6', NULL, '0', NULL),
('195779', 'BQ1018', '1', 'LK_CAR_TQ2020/10/14 11:12', NULL, NULL, NULL, '0', '4710230693', 'offline', '2024-03-21T03:36:53.810+00:00', '3524890759', NULL, '', '', '', NULL, '', '3524890759', '1', '', '', '4293392895', '0', '1546275.06', '', '40', '16929501000', '195779', NULL, 'h02', '2024-03-21T03:36:53.810+00:00', '2024-03-21T03:36:53.000+00:00', '2024-03-21T03:36:53.000+00:00', '', '1', '51.955011666667', '4.453885', '0', '0', '0', NULL, '0', NULL),
('195780', 'BQ1019', '1', 'LK_CAR_TQ2020/10/14 11:12', '', '', '1666543396176', '0', '4710234023', 'offline', '2024-03-21T08:07:49.327+00:00', '3515494557', NULL, '', '', '', NULL, '', '3515494557', '1', '', '', '4293392895', '0', '1758027.03', '', '0', '2891757000', '195780', NULL, 'h02', '2024-03-18T12:40:20.000+00:00', '2024-03-18T12:39:45.000+00:00', '2024-03-18T10:50:17.000+00:00', '', '1', '51.954903333333', '4.453925', '0', '0', '327', NULL, '0', NULL),
('195781', 'BQ1020', '1', 'LK_CAR_TQ2020/10/14 11:12', NULL, NULL, NULL, '0', '4710234283', 'offline', '2024-02-06T06:57:56.000+00:00', '3396501271', NULL, '', '', '', NULL, '', '3396501271', '1', '', '', '4293392895', '0', '1288875.09', '', '0', '48707622349', '195781', NULL, 'h02', '2024-02-06T06:57:56.000+00:00', '2024-02-06T06:57:55.000+00:00', '2024-02-06T06:57:55.000+00:00', '', '1', '51.95581', '4.45533', '0', '0', '0', NULL, '0', NULL),
('195783', 'BQ1021', '1', 'LK_CAR_TQ2020/10/14 11:12', '', '', '1688740567713', '0', '4710232422', 'offline', '2024-03-14T16:04:56.000+00:00', '3504453226', NULL, '', '', '', NULL, '', '3504453226', '1', '', '', '4293392895', '0', '1918196.93', '', '0', '2309397000', '195783', NULL, 'h02', '2024-03-14T16:04:56.000+00:00', '2024-03-14T16:04:55.000+00:00', '2024-03-14T16:04:55.000+00:00', '', '1', '51.954948333333', '4.4540666666667', '0', '0', '0', NULL, '0', NULL),
('195785', 'BQ1022', '1', 'LK_CAR_TQ2020/10/14 11:12', NULL, NULL, NULL, '0', '4710229942', 'offline', '2024-03-20T06:05:34.000+00:00', '3521047130', NULL, '', '', '', NULL, '', '3521047130', '1', '', '', '4293392895', '0', '1524821.39', '', '0', '1386618000', '195785', NULL, 'h02', '2024-03-20T06:04:13.000+00:00', '2024-03-20T06:04:12.000+00:00', '2024-03-20T06:04:12.000+00:00', '', '1', '51.95503', '4.4539366666667', '0', '0', '0', NULL, '0', NULL),
('195786', 'BQ1023', '1', 'LK_CAR_TQ2020/10/14 11:12', '', '', '1656851018711', '0', '4710233997', 'offline', '2024-03-13T10:04:50.000+00:00', '3499154065', NULL, '', '', '', 'animal', '', '3499154065', '1', '', '', '4293392895', '0', '1569084.48', '', '0', '6036372000', '195786', NULL, 'h02', '2024-03-13T10:04:50.000+00:00', '2024-03-13T10:04:49.000+00:00', '2024-03-13T10:04:49.000+00:00', '', '1', '51.955936666667', '4.4552533333333', '0', '0', '0', NULL, '0', NULL),
('195787', 'BQ1024', '1', 'LK_CAR_TQ2020/10/14 11:12', '', '', '1702407059200', '0', '4710230212', 'offline', '2024-03-20T09:16:15.000+00:00', '3521792113', NULL, '', '', '', NULL, '', '3521792113', '1', '', '', '4293392895', '0', '1583829.15', '', '40', '12118975000', '195787', NULL, 'h02', '2024-03-20T09:16:15.000+00:00', '2024-03-20T09:16:14.000+00:00', '2024-03-20T09:16:14.000+00:00', '', '1', '51.955021666667', '4.454125', '0', '0', '0', NULL, '0', NULL),
('195788', 'BQ1025', '1', 'LK_CAR_TQ2020/10/14 11:12', '', '', '1706463446606', '0', '4710230209', 'offline', '2024-03-12T08:20:51.000+00:00', '3495681524', NULL, '', '', '', NULL, '', '3495681524', '1', '', '', '4285004287', '0', '1354948.34', '', '100', '12826970000', '195788', NULL, 'h02', '2024-03-12T08:17:17.000+00:00', '2024-03-12T08:17:16.000+00:00', '2024-03-12T08:12:34.000+00:00', '', '1', '51.063165', '3.71607', '0', '0', '0', NULL, '0', NULL),
('195789', 'BQ1026', '1', 'LK_CAR_TQ2020/10/14 11:12', '', '', '1694541437079', '0', '4710231720', 'offline', '2024-03-21T09:25:42.095+00:00', '3525821799', NULL, '', '', '', NULL, '', '3525821799', '1', '', '', '4293392895', '0', '2539880.65', '', '80', '13867858267', '195789', NULL, 'h02', '2024-03-21T09:25:42.095+00:00', '2024-03-21T09:25:41.000+00:00', '2024-03-21T09:25:41.000+00:00', '', '1', '51.95538', '4.4537033333333', '0', '0', '0', NULL, '0', NULL),
('201375', 'BQ1030', '1', 'LK_CAR_TQ2020/10/14 11:12', NULL, NULL, NULL, '0', '4710232803', 'offline', '2024-03-21T05:43:01.953+00:00', '3525026791', NULL, '', '', '', 'animal', '', '3525026791', '1', '', '', '4293392895', '0', '2651477.83', '', '60', '12164597000', '201375', NULL, 'h02', '2024-03-21T05:43:01.953+00:00', '2024-03-21T05:43:01.000+00:00', '2024-03-21T05:43:01.000+00:00', '', '1', '51.955108333333', '4.4541883333333', '0', '0', '0', NULL, '0', NULL),
('201381', 'BQ1037', '1', 'LK_CAR_TQ2020/10/14 11:12', NULL, NULL, NULL, '0', '4710229992', 'offline', '2024-03-13T00:05:06.000+00:00', '3496490391', NULL, '', '', '', NULL, '', '3496490391', '1', '', '', '4293392895', '0', '1431352.82', '1', '0', '1753771000', '201381', NULL, 'h02', '2024-03-12T12:41:29.000+00:00', '2024-03-12T12:41:29.000+00:00', '2024-03-12T12:41:29.000+00:00', '', '1', '51.954971666667', '4.4540733333333', '0', '3', '240', NULL, '0', NULL),
('201382', 'BQ1027', '1', 'LK_CAR_TQ2020/10/14 11:12', NULL, NULL, NULL, '0', '4710232287', 'offline', '2024-03-21T09:51:55.287+00:00', '3525910651', NULL, '', '', '', 'animal', '', '3525910651', '1', '', '', '4293392895', '0', '1726678.64', '', '60', '28519014715', '201382', NULL, 'h02', '2024-03-21T09:51:55.287+00:00', '2024-03-21T09:51:53.000+00:00', '2024-03-21T09:51:53.000+00:00', '', '1', '51.95587', '4.4552433333333', '0', '0', '0', NULL, '0', NULL),
('201387', 'BQ1029', '1', 'LK_CAR_TQ2020/10/14 11:12', '', '', NULL, '0', '4710232137', 'offline', '2024-03-20T08:06:17.000+00:00', '3521538496', NULL, '', '', '', NULL, '', '3521538496', '1', '', '', '4293392895', '0', '1873397.42', '', '60', '19750648975', '201387', NULL, 'h02', '2024-03-20T08:06:17.000+00:00', '2024-03-20T08:06:16.000+00:00', '2024-03-20T08:06:16.000+00:00', '', '1', '51.955641666667', '4.4550483333333', '0', '0', '0', NULL, '0', NULL),
('201502', 'BQ1031', '1', 'LK_CAR_TQ2020/10/14 11:12', NULL, NULL, NULL, '0', '4710229973', 'offline', '2024-02-14T13:57:57.000+00:00', '3417820301', NULL, '', '', '', NULL, '', '3417820301', '1', '', '', '4024957439', '0', '1205744.88', '', '0', '5879090000', '201502', NULL, 'h02', '2024-02-14T13:57:52.000+00:00', '2024-02-14T13:56:49.000+00:00', '2024-02-10T14:56:47.000+00:00', '', '1', '51.955601666667', '4.455435', '0', '0', '243', NULL, '0', NULL),
('201503', 'BQ1032', '1', 'LK_CAR_TQ2020/10/14 11:12', NULL, NULL, NULL, '0', '4710230739', 'offline', '2024-03-20T04:05:50.000+00:00', '3520885381', NULL, '', '', '', NULL, '', '3520885381', '1', '', '', '4293392895', '0', '2264392.34', '', '100', '5218616225', '201503', NULL, 'h02', '2024-03-20T04:05:50.000+00:00', '2024-03-20T04:05:49.000+00:00', '2024-03-20T04:05:49.000+00:00', '', '1', '51.933591666667', '4.4628533333333', '0', '0', '0', NULL, '0', NULL),
('201504', 'BQ1033', '1', 'LK_CAR_TQ2020/10/14 11:12', '', '', '1686055339202', '0', '4710231082', 'offline', '2024-02-17T09:03:31.000+00:00', '3425482301', NULL, '', '', '', NULL, '', '3425482301', '1', '1', '1', '4294965759', '0', '1274031.31', '', '100', '12580514000', '201504', NULL, 'h02', '2024-02-17T09:03:31.000+00:00', '2024-02-17T09:03:30.000+00:00', '2024-02-17T09:03:30.000+00:00', '', '1', '51.955738333333', '4.4552116666667', '0', '0', '339', NULL, '0', NULL),
('201507', 'BQ1039', '1', 'LK_CAR_TQ2020/10/14 11:12', '', '', '1703545769232', '0', '4710230227', 'online', '2024-03-21T10:04:03.246+00:00', '3507974566', NULL, '', '', '', NULL, '', '3507974566', '1', '', '', '4293392895', '0', '1972350.66', '', '5', '8934038000', '201507', NULL, 'h02', '2024-03-15T16:04:49.000+00:00', '2024-03-15T16:04:47.000+00:00', '2024-03-15T16:04:47.000+00:00', '', '1', '51.955076666667', '4.45421', '0', '0', '0', NULL, '0', NULL),
('201513', 'BQ1041', '1', 'LK_CAR_TQ2020/10/14 11:12', '', '', '1684690204889', '0', '4710229909', 'offline', '2024-03-14T16:04:43.000+00:00', '3504451645', NULL, '', '', '', NULL, '', '3504451645', '1', '', '', '4293392895', '0', '2318444.51', '', '0', '2626987000', '201513', NULL, 'h02', '2024-03-14T16:04:43.000+00:00', '2024-03-14T16:04:42.000+00:00', '2024-03-14T16:04:42.000+00:00', '', '1', '51.955163333333', '4.4538016666667', '0', '0', '0', NULL, '0', NULL),
('201543', 'BQ1036', '1', 'LK_CAR_TQ2020/10/14 11:12', '', '', '1689244713133', '0', '4710230201', 'offline', '2024-03-02T12:26:42.000+00:00', '3465069911', NULL, '', '', '', NULL, '', '3465069911', '1', '1', '1', '4294965759', '5.9', '1545095.13', '1', '100', '17774627217', '201543', NULL, 'h02', '2024-03-02T12:26:42.000+00:00', '2024-03-02T12:26:41.000+00:00', '2024-03-02T12:26:41.000+00:00', '', '1', '52.02572', '5.6721616666667', '0', '3', '128', NULL, '0', NULL),
('201642', 'BQ1038', '1', 'LK_CAR_TQ2020/10/14 11:12', '', '', '1683724501573', '0', '4710234516', 'offline', '2024-03-12T08:13:35.000+00:00', '3495671080', NULL, '', '', '', NULL, '', '3495671080', '1', '1', '1', '4294965759', '1864.03', '1438663.3', '', '100', '15648734000', '201642', NULL, 'h02', '2024-03-12T08:13:35.000+00:00', '2024-03-12T08:13:34.000+00:00', '2024-03-12T08:13:34.000+00:00', '', '1', '51.063126666667', '3.7159866666667', '0', '0', '0', NULL, '0', NULL),
('201646', 'BQ1043', '1', 'LK_CAR_TQ2020/10/14 11:12', NULL, NULL, NULL, '0', '4710229833', 'offline', '2024-03-21T06:05:02.144+00:00', '3525079321', NULL, '', '', '', NULL, '', '3525079321', '1', '', '', '4293392895', '0', '1856638.94', '', '20', '6922273220', '201646', NULL, 'h02', '2024-03-21T06:05:02.144+00:00', '2024-03-21T06:05:01.000+00:00', '2024-03-21T06:05:01.000+00:00', '', '1', '51.955666666667', '4.4551966666667', '0', '0', '0', NULL, '0', NULL),
('205730', 'BQ0084', '1', 'LK_CAR_TQ2020/10/14 11:12', '', '', '1681388891307', '0', '4710229946', 'offline', '2024-03-20T12:05:34.000+00:00', '3522582929', NULL, '', '', '', NULL, '', '3522582929', '1', '', '', '4293392895', '0', '2090598.35', '', '40', '8316300000', '205730', NULL, 'h02', '2024-03-20T12:05:34.000+00:00', '2024-03-20T12:05:32.000+00:00', '2024-03-20T12:05:32.000+00:00', '', '1', '51.955025', '4.4542066666667', '0', '0', '0', NULL, '0', NULL),
('207206', 'BQ0168', '1', 'LK_CAR_TQ2020/10/14 11:12', '', '', '1692437697318', '0', '4710229928', 'offline', '2024-03-21T06:04:54.371+00:00', '3525078829', NULL, '', '', '', NULL, '', '3525078829', '1', '', '', '4293392895', '0', '1954988.14', '', '20', '5327672000', '207206', NULL, 'h02', '2024-03-21T06:04:54.371+00:00', '2024-03-21T06:04:53.000+00:00', '2024-03-21T06:04:53.000+00:00', '', '1', '51.955801666667', '4.45541', '0', '0', '0', NULL, '0', NULL),
('211728', 'ECO013', '1', 'LK_CAR_TQ2020/10/14 11:12', '', '', '1685696661587', '0', '4710230004', 'offline', '2024-02-15T16:11:53.000+00:00', '3421331168', NULL, '', '', '', NULL, '', '3421331168', '1', '1', '1', '4294965759', '26.26', '289877.78', '1', '100', '31443306488', '211728', NULL, 'h02', '2024-02-15T16:11:53.000+00:00', '2024-02-15T16:11:52.000+00:00', '2024-02-15T16:11:52.000+00:00', '', '1', '51.952656666667', '4.4446383333333', '0', '2', '62', NULL, '0', NULL),
('212158', 'ECO002', '1', 'LK_CAR_TQ2020/10/14 11:12', NULL, NULL, NULL, '0', '4710233961', 'offline', '2024-03-14T22:35:03.000+00:00', '3505360292', NULL, '', '', '', NULL, '', '3505360292', '1', '', '', '4293392895', '0', '5439665.64', '', '0', '6598369780', '212158', NULL, 'h02', '2024-03-14T22:31:12.000+00:00', '2024-03-14T22:30:25.000+00:00', '2024-03-14T11:17:38.000+00:00', '', '1', '51.992945', '4.386225', '0', '0', '0', NULL, '0', NULL),
('215950', 'BQ0226', '1', 'LK_CAR_TQ2020/10/14 11:12', '', '', '1704629793764', '0', '4710234528', 'offline', '2024-03-21T09:10:59.724+00:00', '3525772934', NULL, '', '', '', NULL, '', '3525772934', '1', '', '', '4293392895', '0', '2120454.1', '', '20', '10506311000', '215950', NULL, 'h02', '2024-03-21T09:10:59.724+00:00', '2024-03-21T09:10:58.000+00:00', '2024-03-21T09:10:58.000+00:00', '', '1', '51.928643333333', '4.5115166666667', '0', '0', '0', NULL, '0', NULL),
('218482', 'BQ0143', '1', 'LK_CAR_TQ2020/10/14 11:12', '', '', '1707469480981', '0', '4710230640', 'offline', '2024-03-11T22:04:38.000+00:00', '3494930153', NULL, '', '', '', NULL, '', '3494930153', '1', '', '', '4293392895', '0', '1812528.76', '', '0', '8810653000', '218482', NULL, 'h02', '2024-03-11T22:04:38.000+00:00', '2024-03-11T22:04:38.000+00:00', '2024-03-11T22:04:38.000+00:00', '', '1', '51.955783333333', '4.4550566666667', '0', '0', '0', NULL, '0', NULL),
('219932', 'BQ1028', '1', 'LK_CAR_TQ2020/10/14 11:12', NULL, NULL, NULL, '0', '4710232234', 'offline', '2024-03-12T05:50:43.000+00:00', '3495151880', NULL, '', '', '', NULL, '', '3495151880', '1', '1', '1', '4294965759', '0', '778508.94', '', '100', '4150010000', '219932', NULL, 'h02', '2024-03-12T05:45:35.000+00:00', '2024-03-12T05:45:33.000+00:00', '2024-02-06T12:05:01.000+00:00', '', '1', '51.05672', '3.7403333333333', '0', '0', '0', NULL, '0', NULL),
('227410', 'BQ0266', '1', 'LK_CAR_TQ2020/10/14 11:12', '', '', '1683978721111', '0', '4710232845', 'offline', '2024-03-21T08:05:02.631+00:00', '3524752310', NULL, '', '', '', NULL, '', '3524752310', '1', '', '', '4293392895', '0', '1717953.68', '', '40', '12982316000', '227410', NULL, 'h02', '2024-03-20T22:00:30.409+00:00', '2024-03-20T22:00:28.000+00:00', '2024-03-20T12:05:21.000+00:00', '1', '1', '51.955426666667', '4.45534', '0', '0', '0', NULL, '0', NULL),
('239433', 'BQ0243', '1', 'LK_CAR_TQ2020/10/14 11:12', '', '', '1706707067922', '0', '4710231092', 'offline', '2024-03-21T03:08:57.603+00:00', '3524882053', NULL, '', '', '', NULL, '', '3524882053', '1', '', '', '4293392895', '0', '1966786.87', '', '20', '6471076000', '239433', NULL, 'h02', '2024-03-21T03:08:57.603+00:00', '2024-03-21T03:08:56.000+00:00', '2024-03-21T03:08:56.000+00:00', '', '1', '51.9081', '4.4918683333333', '0', '0', '0', NULL, '0', NULL),
('240961', 'BQ0088', '1', 'LK_CAR_TQ2020/10/14 11:12', '', '', '1704542818890', '0', '4710233914', 'offline', '2024-03-21T09:26:44.008+00:00', '3525825155', NULL, '', '', '', NULL, '', '3525825155', '1', '', '', '4293392895', '0', '1868811.19', '', '40', '8093692000', '240961', NULL, 'h02', '2024-03-21T09:26:44.008+00:00', '2024-03-21T09:26:43.000+00:00', '2024-03-21T09:26:43.000+00:00', '', '1', '51.939191666667', '4.4797816666667', '0', '0', '0', NULL, '0', NULL),
('241556', 'TROJAN', '1', 'LK_CAR_TQ2020/10/14 11:12', '', '', '1675443395001', '0', '4710196082', 'offline', '2024-03-20T14:54:34.000+00:00', '3523600741', NULL, '', '', '', 'animal', '', '3523600741', '1', '1', '1', '4294965759', '0', '126970.63', '1', '100', '40151027965', '241556', NULL, 'h02', '2024-03-20T14:53:43.000+00:00', '2024-03-20T14:53:42.000+00:00', '2024-03-20T14:53:42.000+00:00', '', '1', '51.955723333333', '4.455315', '0', '2', '75', NULL, '0', NULL),
('242228', 'BQ0150', '1', 'LK_CAR_TQ2020/10/14 11:12', '', '', '1689665061649', '0', '4710231408', 'offline', '2024-03-21T02:04:52.099+00:00', '3524855205', NULL, '', '', '', NULL, '', '3524855205', '1', '', '', '4293392895', '0', '1727175.51', '', '60', '5240824000', '242228', NULL, 'h02', '2024-03-21T02:04:52.099+00:00', '2024-03-21T02:04:51.000+00:00', '2024-03-21T02:04:51.000+00:00', '', '1', '51.92289', '4.4690516666667', '0', '0', '0', NULL, '0', NULL),
('245020', 'BQ0044', '1', 'LK_CAR_TQ2020/10/14 11:12', '', '', '1694301711084', '0', '4710229027', 'offline', '2024-03-21T06:06:13.850+00:00', '3525082544', NULL, '', '', '', NULL, '', '3525082544', '1', '', '', '4285004287', '0', '1660775.34', '', '20', '10907890000', '245020', NULL, 'h02', '2024-03-21T06:06:13.850+00:00', '2024-03-21T06:06:13.000+00:00', '2024-03-21T06:06:13.000+00:00', '', '1', '51.955048333333', '4.454185', '0', '0', '0', NULL, '0', NULL),
('245069', 'BQ0057', '1', 'LK_CAR_TQ2020/10/14 11:12', '', '', '1688661228100', '0', '4710230008', 'offline', '2024-03-20T19:13:58.311+00:00', '3524559288', NULL, '', '', '', NULL, '', '3524559288', '1', '', '', '4293392895', '0', '1664507.74', '', '20', '4972586000', '245069', NULL, 'h02', '2024-03-20T19:13:58.311+00:00', '2024-03-20T19:13:57.000+00:00', '2024-03-20T19:13:57.000+00:00', '', '1', '51.919108333333', '4.513785', '0', '0', '0', NULL, '0', NULL),
('246726', 'BQ0129', '1', 'LK_CAR_TQ2020/10/14 11:12', '', '', '1709913459369', '0', '4710229966', 'offline', '2024-03-21T04:03:49.224+00:00', '3524905764', NULL, '', '', '', NULL, '', '3524905764', '1', '', '', '4293392895', '0', '1945714.36', '', '100', '8092557000', '246726', NULL, 'h02', '2024-03-21T04:03:49.224+00:00', '2024-03-21T04:03:48.000+00:00', '2024-03-21T04:03:48.000+00:00', '', '1', '51.954996666667', '4.4539833333333', '0', '0', '0', NULL, '0', NULL),
('247328', 'BQ0539', '1', 'LK_CAR_TQ2020/10/14 11:12', '', '', '1690293231541', '0', '4710229562', 'offline', '2024-02-25T11:43:02.000+00:00', '3446849295', NULL, '', '', '', 'animal', '', '3446849295', '1', '1', '1', '4294965759', '0', '2317108.63', '', '100', '39682154111', '247328', NULL, 'h02', '2024-02-25T11:37:27.000+00:00', '2024-02-25T11:37:25.000+00:00', '2024-02-17T16:52:11.000+00:00', '', '1', '51.915378333333', '4.4838083333333', '0', '0', '158', NULL, '0', NULL),
('247396', 'BQ0033', '1', 'LK_CAR_TQ2020/10/14 11:12', '', '', '1710076073412', '0', '4710231081', 'offline', '2024-03-21T00:05:56.609+00:00', '3524822206', NULL, '', '', '', NULL, '', '3524822206', '1', '', '', '4293392895', '0', '1726672.82', '', '20', '5527149000', '247396', NULL, 'h02', '2024-03-21T00:05:56.609+00:00', '2024-03-21T00:05:55.000+00:00', '2024-03-21T00:05:55.000+00:00', '', '1', '51.955331666667', '4.4540133333333', '0', '0', '0', NULL, '0', NULL),
('247426', 'BQ0092', '1', 'LK_CAR_TQ2020/10/14 11:12', '', '', '1687087931306', '0', '4710230730', 'offline', '2024-03-20T14:06:42.000+00:00', '3523264381', NULL, '', '', '', NULL, '', '3523264381', '1', '', '', '4293392895', '0', '1553002.76', '', '60', '10137479000', '247426', NULL, 'h02', '2024-03-20T14:03:00.000+00:00', '2024-03-20T14:00:35.000+00:00', '2024-03-19T12:52:58.000+00:00', '', '1', '51.955136666667', '4.453885', '0', '0', '315', NULL, '0', NULL),
('247543', 'BQ0069', '1', 'LK_CAR_TQ2020/10/14 11:12', '', '', '1694094366833', '0', '4710233389', 'offline', '2024-03-21T02:04:50.652+00:00', '3524855124', NULL, '', '', '', NULL, '', '3524855124', '1', '', '', '4293392895', '0', '1576733.21', '', '20', '7035916000', '247543', NULL, 'h02', '2024-03-21T02:04:50.652+00:00', '2024-03-21T02:04:49.000+00:00', '2024-03-21T02:04:49.000+00:00', '', '1', '51.938783333333', '4.4732616666667', '0', '0', '0', NULL, '0', NULL),
('255601', 'BQ0231', '1', 'LK_CAR_TQ2020/10/14 11:12', '', '', NULL, '0', '4710230189', 'online', '2024-03-21T10:03:59.955+00:00', '3525958915', NULL, '', '', '', 'default', '', '3525958915', '1', '', '', '4293392895', '0', '1034348.09', '', '40', '8205986000', '255601', NULL, 'h02', '2024-03-21T10:03:59.955+00:00', '2024-03-21T10:03:59.000+00:00', '2024-03-21T10:03:59.000+00:00', '', '1', '51.955275', '4.4535616666667', '0', '0', '0', NULL, '0', NULL),
('255953', 'BQ0702', '1', 'LK_CAR_TQ2020/10/14 11:12', '', '', '1680198744187', '0', '4710230811', 'offline', '2023-12-23T15:21:53.000+00:00', '3306611592', NULL, '', '', '', NULL, '', '3306611592', '1', '1', '1', '4294965759', '0', '265199.83', '', '0', '2589785494', '255953', NULL, 'h02', '2023-12-23T15:21:52.000+00:00', '2023-12-23T15:21:40.000+00:00', '2023-10-25T14:04:35.000+00:00', '', '1', '51.955868333333', '4.455165', '0', '0', '0', NULL, '0', NULL),
('255955', 'BQ0704', '1', 'LK_CAR_TQ2020/10/14 11:12', '', '', '1694269682773', '0', '4710229983', 'offline', '2023-11-04T02:03:08.000+00:00', '3182687369', NULL, '', '', '', NULL, '', '3182687369', '1', '1', '1', '4294965759', '0', '646612.72', '', '5', '1569963000', '255955', NULL, 'h02', '2023-11-03T16:01:42.000+00:00', '1999-11-30T00:00:00.000+00:00', '2023-11-03T06:04:53.000+00:00', '', '1', '51.955803333333', '4.4551216666667', '0', '0', '0', NULL, '0', NULL),
('255957', 'BQ0703', '1', 'LK_CAR_TQ2020/10/14 11:12', '', '', '1675592915439', '0', '4710232585', 'offline', '2024-03-21T08:04:00.802+00:00', '3525546429', NULL, '', '', '', NULL, '', '3525546429', '1', '', '', '4293392895', '0', '1467840.32', '', '100', '17081465000', '255957', NULL, 'h02', '2024-03-21T08:04:00.802+00:00', '2024-03-21T08:03:59.000+00:00', '2024-03-21T08:03:59.000+00:00', '', '1', '51.95569', '4.455285', '0', '0', '0', NULL, '0', NULL),
('256053', 'BQ0515', '1', 'LK_CAR_TQ2020/10/14 11:12', NULL, NULL, NULL, '0', '4710231090', 'offline', '2024-02-17T09:13:14.000+00:00', '3425504511', NULL, '', '', '', NULL, '', '3425504511', '1', '1', '1', '4294965759', '0', '1050487.53', '', '100', '1733458000', '256053', NULL, 'h02', '2024-02-17T09:13:14.000+00:00', '2024-02-17T09:13:13.000+00:00', '2024-02-17T09:13:13.000+00:00', '', '1', '51.955726666667', '4.4551233333333', '0', '0', '318', NULL, '0', NULL),
('256963', 'BQ0051', '1', 'LK_CAR_TQ2020/10/14 11:12', '', '', '1688901777631', '0', '4710229214', 'offline', '2024-03-20T02:09:54.000+00:00', '3520838056', NULL, '', '', '', NULL, '', '3520838056', '1', '', '', '4293392895', '0', '1496158.34', '', '40', '10894411681', '256963', NULL, 'h02', '2024-03-20T02:09:54.000+00:00', '2024-03-20T02:09:53.000+00:00', '2024-03-20T02:09:53.000+00:00', '', '1', '51.9157', '4.4884666666667', '0', '0', '0', NULL, '0', NULL),
('258597', 'BQ0075', '1', 'LK_CAR_TQ2020/10/14 11:12', '', '', '1681113658808', '0', '4710230022', 'offline', '2024-03-20T17:07:53.164+00:00', '3524156447', NULL, '', '', '', NULL, '', '3524156447', '1', '', '', '4293392895', '0', '1416816.67', '', '5', '7685577000', '258597', NULL, 'h02', '2024-03-20T17:07:53.164+00:00', '2024-03-20T17:07:52.000+00:00', '2024-03-20T17:07:52.000+00:00', '', '1', '51.92976', '4.502595', '0', '0', '0', NULL, '0', NULL),
('258686', 'BQ0230', '1', 'LK_CAR_TQ2020/10/14 11:12', '', '', NULL, '0', '4710230340', 'offline', '2024-03-21T00:06:40.181+00:00', '3524823450', NULL, '', '', '', NULL, '', '3524823450', '1', '1', '1', '4286577151', '0', '1514404.91', '', '20', '7934500000', '258686', NULL, 'h02', '2024-03-21T00:06:40.180+00:00', '2024-03-21T00:06:36.000+00:00', '2024-03-20T22:27:28.000+00:00', '1', '1', '51.922896666667', '4.4694916666667', '0', '0', '0', NULL, '0', NULL),
('259315', 'BQ0524', '1', 'LK_CAR_TQ2020/10/14 11:12', '', '', '1680694399723', '0', '4710230018', 'offline', '2024-03-21T09:52:48.147+00:00', '3525913848', NULL, '', '', '', NULL, '', '3525913848', '1', '', '', '4293392895', '0', '846934.17', '', '100', '2253337000', '259315', NULL, 'h02', '2024-03-21T09:52:48.147+00:00', '2024-03-21T09:52:47.000+00:00', '2024-03-21T09:52:47.000+00:00', '', '1', '51.955718333333', '4.4556866666667', '0', '0', '238', NULL, '0', NULL),
('259384', 'BQ0080', '1', 'LK_CAR_TQ2020/10/14 11:12', '', '', '1690980880978', '0', '4710230338', 'offline', '2024-03-21T02:04:50.746+00:00', '3524855131', NULL, '', '', '', NULL, '', '3524855131', '1', '', '', '4293392895', '0', '3027810.56', '', '40', '6390719000', '259384', NULL, 'h02', '2024-03-21T02:04:50.746+00:00', '2024-03-21T02:04:49.000+00:00', '2024-03-21T02:04:49.000+00:00', '', '1', '51.955665', '4.4553516666667', '0', '0', '0', NULL, '0', NULL),
('260367', 'BQ0077', '1', 'LK_CAR_TQ2020/10/14 11:12', '', '', '1689928455882', '0', '4710229969', 'offline', '2024-02-22T18:08:52.000+00:00', '3440815403', NULL, '', '', '', 'animal', '', '3440815403', '1', '', '', '4016568831', '0', '3892413.61', '', '5', '19178191000', '260367', NULL, 'h02', '2024-02-22T18:08:52.000+00:00', '2024-02-22T18:08:51.000+00:00', '2024-02-22T18:08:51.000+00:00', '', '1', '51.955628333333', '4.455295', '0', '0', '217', NULL, '0', NULL),
('263106', 'BQ0138', '1', 'LK_CAR_TQ2020/10/14 11:12', '1', '', '1706955753093', '0', '4710231114', 'offline', '2024-03-21T08:03:54.727+00:00', '3525545951', NULL, '', '', '', NULL, '', '3525545951', '1', '', '', '4293392895', '0', '22668053.98', '', '40', '5903218000', '263106', NULL, 'h02', '2024-03-21T08:03:54.727+00:00', '2024-03-21T08:03:53.000+00:00', '2024-03-21T08:03:53.000+00:00', '', '1', '51.94283', '4.4812333333333', '0', '0', '0', NULL, '0', NULL),
('263435', 'BQ0520', '1', 'LK_CAR_TQ2020/10/14 11:12', '', '', '1685282487300', '0', '4710234061', 'online', '2024-03-21T10:04:36.622+00:00', '3524818347', NULL, '', '', '', NULL, '', '3524818347', '1', '', '', '4293392895', '0', '1314233.21', '', '5', '6094233070', '263435', NULL, 'h02', '2024-03-21T00:04:38.604+00:00', '2024-03-21T00:04:04.000+00:00', '2024-03-20T14:31:55.000+00:00', '1', '1', '51.955246666667', '4.4546333333333', '0', '0', '230', NULL, '0', NULL),
('263443', 'BQ0184', '1', 'LK_CAR_TQ2020/10/14 11:12', NULL, NULL, NULL, '0', '4710229996', 'offline', '2024-03-21T08:05:01.974+00:00', '3525551003', NULL, '', '', '', NULL, '', '3525551003', '1', '', '', '4293392895', '0', '1519438.37', '', '80', '4994221000', '263443', NULL, 'h02', '2024-03-21T08:05:01.974+00:00', '2024-03-21T08:05:01.000+00:00', '2024-03-21T08:05:01.000+00:00', '', '1', '51.955601666667', '4.4552916666667', '0', '0', '0', NULL, '0', NULL),
('263784', 'BQ0189', '1', 'LK_CAR_TQ2020/10/14 11:12', '', '', '1683451254301', '0', '4710230732', 'offline', '2024-03-19T22:04:59.000+00:00', '3517170335', NULL, '', '', '', NULL, '', '3517170335', '1', '', '', '4293392895', '0', '1314721.57', '', '0', '8431058766', '263784', NULL, 'h02', '2024-03-19T02:05:00.000+00:00', '2024-03-19T02:04:58.000+00:00', '2024-03-19T02:04:58.000+00:00', '', '1', '51.918186666667', '4.4894133333333', '0', '0', '0', NULL, '0', NULL),
('264582', 'BQ0508', '1', 'LK_CAR_TQ2020/10/14 11:12', NULL, NULL, NULL, '0', '4710230349', 'offline', '2024-03-14T10:55:53.000+00:00', '3502821232', NULL, '', '', '', NULL, '', '3502821232', '1', '1', '1', '4294965759', '0', '774435.06', '', '100', '3112835000', '264582', NULL, 'h02', '2024-03-14T10:52:56.000+00:00', '2024-03-14T10:52:45.000+00:00', '2024-03-09T18:02:38.000+00:00', '', '1', '52.056785', '4.2560766666667', '0', '0', '0', NULL, '0', NULL),
('266350', 'BQ0187', '1', 'LK_CAR_TQ2020/10/14 11:12', '', '', '1707119955245', '0', '4710229960', 'offline', '2024-03-21T04:05:38.689+00:00', '3524905427', NULL, '', '', '', NULL, '', '3524905427', '1', '', '', '4293392895', '0', '1282759.58', '', '20', '6125778000', '266350', NULL, 'h02', '2024-03-21T04:03:37.749+00:00', '2024-03-21T04:02:34.000+00:00', '2024-03-19T22:04:57.000+00:00', '1', '1', '51.955621666667', '4.4554166666667', '0', '0', '0', NULL, '0', NULL),
('267047', 'BQ0052', '1', 'LK_CAR_TQ2020/10/14 11:12', '', '', '1705146983442', '0', '4710231072', 'online', '2024-03-21T10:03:51.484+00:00', '3525958311', NULL, '', '', '', NULL, '', '3525958311', '1', '', '', '4293392895', '0', '1532418.32', '', '5', '13788567000', '267047', NULL, 'h02', '2024-03-21T10:03:51.484+00:00', '2024-03-21T10:03:50.000+00:00', '2024-03-21T10:03:50.000+00:00', '', '1', '51.955098333333', '4.453835', '0', '0', '0', NULL, '0', NULL),
('267760', 'BQ0586', '1', 'LK_CAR_TQ2020/10/14 11:12', NULL, NULL, NULL, '0', '4710230204', 'offline', '2024-03-21T06:04:56.545+00:00', '3525078984', NULL, '', '', '', NULL, '', '3525078984', '1', '', '', '4293392895', '0', '2978709.16', '', '60', '14952101000', '267760', NULL, 'h02', '2024-03-21T06:04:56.545+00:00', '2024-03-21T06:04:55.000+00:00', '2024-03-21T06:04:55.000+00:00', '', '1', '51.955211666667', '4.4539116666667', '0', '0', '0', NULL, '0', NULL),
('268075', 'BQ0027', '1', 'LK_CAR_TQ2020/10/14 11:12', '1', '', '1688477480147', '0', '4710229839', 'offline', '2024-03-21T06:04:49.641+00:00', '3525078544', NULL, '', '', '', NULL, '', '3525078544', '1', '', '', '4293392895', '0', '1263882.45', '', '40', '4543445000', '268075', NULL, 'h02', '2024-03-21T06:04:49.641+00:00', '2024-03-21T06:04:48.000+00:00', '2024-03-21T06:04:48.000+00:00', '', '1', '51.933696666667', '4.4797266666667', '0', '0', '0', NULL, '0', NULL),
('268096', 'BQ0181', '1', 'LK_CAR_TQ2020/10/14 11:12', '', '', '1692719230290', '0', '4710232296', 'offline', '2024-03-20T18:06:20.649+00:00', '3520760240', NULL, '', '', '', NULL, '', '3520760240', '1', '', '', '4293392895', '0', '1253655.08', '', '40', '5910696000', '268096', NULL, 'h02', '2024-03-19T22:05:46.000+00:00', '2024-03-19T22:04:27.000+00:00', '2024-03-18T16:05:36.000+00:00', '', '1', '51.955723333333', '4.4551383333333', '0', '0', '0', NULL, '0', NULL),
('269527', 'BQ0063', '1', 'LK_CAR_TQ2020/10/14 11:12', '', '', '1691069836540', '0', '4710230180', 'offline', '2024-03-17T09:49:04.000+00:00', '3511717652', NULL, '', '', '', NULL, '', '3511717652', '1', '1', '1', '4294965759', '0', '1068802.25', '', '100', '31573590999', '269527', NULL, 'h02', '2024-03-17T09:49:04.000+00:00', '2024-03-17T09:48:48.000+00:00', '2024-03-09T16:16:39.000+00:00', '', '1', '51.920655', '4.474625', '0', '0', '4', NULL, '0', NULL),
('269636', 'BQ1046', '1', 'LK_CAR_TQ2020/10/14 11:12', NULL, NULL, NULL, '0', '4710229114', 'offline', '2024-03-21T08:03:48.285+00:00', '3525545479', NULL, '', '', '', 'animal', '', '3525545479', '1', '', '', '4293392895', '0', '1680649.6', '', '20', '7866237000', '269636', NULL, 'h02', '2024-03-21T08:03:48.285+00:00', '2024-03-21T08:03:47.000+00:00', '2024-03-21T08:03:47.000+00:00', '', '1', '51.95572', '4.4553316666667', '0', '0', '0', NULL, '0', NULL),
('271365', 'BQ0180', '1', 'LK_CAR_TQ2020/10/14 11:12', '', '', '1701244206417', '0', '4710234255', 'offline', '2024-03-21T04:04:51.809+00:00', '3524907297', NULL, '', '', '', NULL, '', '3524907297', '1', '', '', '4293392895', '0', '1447001.92', '', '20', '5108901000', '271365', NULL, 'h02', '2024-03-21T04:04:51.809+00:00', '2024-03-21T04:04:50.000+00:00', '2024-03-21T04:04:50.000+00:00', '', '1', '51.955486666667', '4.4553416666667', '0', '0', '0', NULL, '0', NULL),
('272229', 'BQ0082', '1', 'LK710m_V230726', '', '', '1709200016738', '0', '4710264938', 'offline', '2024-03-19T18:11:12.000+00:00', '3520472252', NULL, '', '', '', 'plane', '', '3520472252', '', '', '', '4293917695', '0', '1202637.33', '', '60', '5641061000', '272229', NULL, 'h02', '2024-03-19T18:11:12.000+00:00', '2024-03-19T18:11:10.000+00:00', '2024-03-19T18:11:10.000+00:00', '', '1', '51.955286666667', '4.453475', '0', '0', '0', NULL, '0', NULL),
('275480', 'BQ0054', '1', 'LK_CAR_TQ2020/10/14 11:12', NULL, NULL, NULL, '0', '4710229954', 'offline', '2024-03-01T21:08:37.000+00:00', '3463910614', NULL, '', '', '', NULL, '', '3463910614', '1', '1', '1', '4294965759', '0', '971270.18', '', '100', '5569334000', '275480', NULL, 'h02', '2024-03-01T20:58:37.000+00:00', '2024-02-21T10:21:34.000+00:00', '2024-02-21T10:21:11.000+00:00', '', '1', '52.0194', '5.6624933333333', '0', '0', '343', NULL, '0', NULL),
('275572', 'BQ0120', '1', 'LK_CAR_TQ2020/10/14 11:12', NULL, NULL, NULL, '0', '4710231087', 'offline', '2024-03-21T06:04:30.706+00:00', '3525077457', NULL, '', '', '', NULL, '', '3525077457', '1', '', '', '4293392895', '0', '1106312.87', '', '60', '13980696000', '275572', NULL, 'h02', '2024-03-21T06:04:30.706+00:00', '2024-03-21T06:04:29.000+00:00', '2024-03-21T06:04:29.000+00:00', '', '1', '51.956368333333', '4.4542583333333', '0', '0', '0', NULL, '0', NULL),
('276578', 'BQ0239', '1', 'LK_CAR_TQ2020/10/14 11:12', '', '', '1684047264211', '0', '4710234512', 'offline', '2024-02-17T12:17:24.000+00:00', '3426113125', NULL, '', '', '', NULL, '', '3426113125', '1', '1', '1', '4294834687', '0', '1189168.09', '', '100', '6461691000', '276578', NULL, 'h02', '2024-02-17T12:17:05.000+00:00', '2024-02-17T12:16:53.000+00:00', '2024-01-08T07:39:09.000+00:00', '', '1', '51.916771666667', '4.488825', '0', '0', '356', NULL, '0', NULL),
('277935', 'BQ0234', '1', 'LK_CAR_TQ2020/10/14 11:12', '', '', '1699181594860', '0', '4710230626', 'offline', '2024-03-21T02:04:52.785+00:00', '3524855240', NULL, '', '', '', NULL, '', '3524855240', '1', '', '', '4293392895', '0', '1331078.55', '', '40', '6749674000', '277935', NULL, 'h02', '2024-03-21T02:04:52.785+00:00', '2024-03-21T02:04:51.000+00:00', '2024-03-21T02:04:51.000+00:00', '', '1', '51.955068333333', '4.4538716666667', '0', '0', '0', NULL, '0', NULL),
('278070', 'BQ0139', '1', 'LK_CAR_TQ2020/10/14 11:12', '', '', NULL, '0', '4710255027', 'offline', '2024-03-16T16:28:57.000+00:00', '3510756325', NULL, NULL, NULL, NULL, NULL, '', '3510756325', '1', '', '', '4016568831', '0', '1112356.43', '', '0', '5549998000', '278070', NULL, 'h02', '2024-03-16T16:28:40.000+00:00', '2024-03-16T16:27:08.000+00:00', '2024-03-14T10:22:53.000+00:00', '', '1', '51.935056666667', '4.49128', '0', '0', '0', NULL, '0', NULL),
('279008', 'BQ0025', '1', 'LK_CAR_TQ2020/10/14 11:12', '', '', NULL, '0', '4710255263', 'offline', '2024-01-16T03:24:26.000+00:00', '3346522590', NULL, '', '', '', NULL, '', '3346522590', '1', '1', '1', '4294965759', '0', '1289443.53', '', '0', '6968105000', '279008', NULL, 'h02', '2024-01-16T03:24:26.000+00:00', '1999-11-30T00:00:00.000+00:00', '2024-01-15T17:26:31.000+00:00', '', '1', '51.955781666667', '4.45488', '0', '0', '0', NULL, '0', NULL),
('279355', 'BQ0035', '1', 'LK_CAR_TQ2020/10/14 11:12', '1', '1', '1710510406162', '0', '4710233931', 'offline', '2024-03-16T18:05:04.000+00:00', '3510977649', NULL, '', '', '', NULL, '', '3510977649', '1', '', '', '4293392895', '0', '983403', '', '0', '3199322000', '279355', NULL, 'h02', '2024-03-16T18:05:04.000+00:00', '2024-03-16T18:05:03.000+00:00', '2024-03-16T18:05:03.000+00:00', '', '1', '51.920411666667', '4.510865', '0', '0', '0', NULL, '0', NULL),
('281611', 'BQ0132', '1', 'LK_CAR_TQ2020/10/14 11:12', '', '', '1692467214346', '0', '4710231347', 'offline', '2024-03-21T06:04:52.845+00:00', '3525078726', NULL, '', '', '', NULL, '', '3525078726', '1', '', '', '4293392895', '0', '1996963.09', '', '60', '6445297000', '281611', NULL, 'h02', '2024-03-21T06:04:52.845+00:00', '2024-03-21T06:04:52.000+00:00', '2024-03-21T06:04:52.000+00:00', '', '1', '51.954998333333', '4.4539066666667', '0', '0', '0', NULL, '0', NULL),
('281698', 'BQ0228', '1', 'LK_CAR_TQ2020/10/14 11:12', '', '', '1695376086396', '0', '4710234998', 'offline', '2024-03-21T09:50:56.685+00:00', '3525907080', NULL, '', '', '', NULL, '', '3525907080', '1', '', '', '4285004287', '0', '1291772.26', '', '20', '6835525000', '281698', NULL, 'h02', '2024-03-21T09:50:56.685+00:00', '2024-03-21T09:50:55.000+00:00', '2024-03-21T09:50:55.000+00:00', '', '1', '51.955675', '4.456695', '0', '0', '0', NULL, '0', NULL),
('283069', 'BQ0032', '1', 'LK_CAR_TQ2020/10/14 11:12', '', '', '1710073819449', '0', '4710230919', 'offline', '2024-03-20T06:04:57.000+00:00', '3521049438', NULL, '', '', '', NULL, '', '3521049438', '1', '', '', '4293392895', '0', '1383259.85', '', '40', '6368817000', '283069', NULL, 'h02', '2024-03-20T06:04:57.000+00:00', '2024-03-20T06:04:55.000+00:00', '2024-03-20T06:04:55.000+00:00', '', '1', '51.922758333333', '4.4692183333333', '0', '0', '0', NULL, '0', NULL),
('287302', 'BQ0197', '1', 'LK_CAR_TQ2020/10/14 11:12', '', '', '1690303754122', '0', '4710229990', 'offline', '2024-03-20T08:05:56.000+00:00', '3521537249', NULL, '', '', '', NULL, '', '3521537249', '1', '', '', '4293392895', '0', '1157696.98', '', '40', '5663499000', '287302', NULL, 'h02', '2024-03-20T08:05:56.000+00:00', '2024-03-20T08:05:55.000+00:00', '2024-03-20T08:05:55.000+00:00', '', '1', '51.937655', '4.4712116666667', '0', '0', '0', NULL, '0', NULL),
('288939', 'BQ0030', '1', 'LK_CAR_TQ2020/10/14 11:12', NULL, NULL, NULL, '0', '4710229940', 'offline', '2024-03-09T10:06:50.000+00:00', '3484766829', NULL, '', '', '', NULL, '', '3484766829', '1', '', '', '4293392895', '0', '1210581.43', '', '0', '6514620523', '288939', NULL, 'h02', '2024-03-08T12:45:34.000+00:00', '2024-03-08T12:45:32.000+00:00', '2024-03-08T12:45:32.000+00:00', '', '1', '51.955133333333', '4.4539483333333', '0', '0', '0', NULL, '0', NULL),
('289045', 'BQ1040', '1', 'LK_CAR_TQ2020/10/14 11:12', NULL, NULL, NULL, '0', '4710230771', 'offline', '2024-03-18T18:05:59.000+00:00', '3516812484', NULL, '', '', '', NULL, '', '3516812484', '1', '', '', '4293392895', '0', '1158806.66', '', '0', '6463345621', '289045', NULL, 'h02', '2024-03-18T18:02:16.000+00:00', '2024-03-18T18:01:02.000+00:00', '2024-03-15T16:04:36.000+00:00', '', '1', '51.955206666667', '4.4537416666667', '0', '0', '0', NULL, '0', NULL),
('289161', 'BQ0204', '1', 'LK_CAR_TQ2020/10/14 11:12', NULL, NULL, NULL, '0', '4710230015', 'online', '2024-03-21T10:04:52.903+00:00', '3525962712', NULL, '', '', '', NULL, '', '3525962712', '1', '', '', '4293392895', '0', '949655.39', '', '5', '3261321000', '289161', NULL, 'h02', '2024-03-21T10:04:52.903+00:00', '2024-03-21T10:04:51.000+00:00', '2024-03-21T10:04:51.000+00:00', '', '1', '51.955603333333', '4.4554433333333', '0', '0', '0', NULL, '0', NULL),
('292907', 'BQ0240', '1', 'LK_CAR_TQ2020/10/14 11:12', '', '', '1687897171265', '0', '4710230898', 'offline', '2024-02-15T11:46:53.000+00:00', '3420188911', NULL, '', '', '', NULL, '', '3420188911', '1', '1', '1', '4294965759', '0', '452804.6', '', '100', '1816119000', '292907', NULL, 'h02', '2024-02-15T11:45:51.000+00:00', '2024-02-15T11:45:49.000+00:00', '2023-12-20T07:32:40.000+00:00', '', '1', '52.102288333333', '4.2823016666667', '0', '0', '326', NULL, '0', NULL),
('292916', 'BQ0106', '1', 'LK_CAR_TQ2020/10/14 11:12', NULL, NULL, NULL, '0', '4710229974', 'offline', '2024-03-21T02:05:37.478+00:00', '3524856738', NULL, '', '', '', NULL, '', '3524856738', '1', '', '', '4293392895', '0', '1027086.04', '', '20', '2048420000', '292916', NULL, 'h02', '2024-03-21T02:05:37.478+00:00', '2024-03-21T02:05:36.000+00:00', '2024-03-21T02:05:36.000+00:00', '', '1', '51.911235', '4.4932', '0', '0', '0', NULL, '0', NULL),
('293023', 'BQ0149', '1', 'LK_CAR_TQ2020/10/14 11:12', NULL, NULL, NULL, '0', '4710229930', 'offline', '2023-09-30T12:05:50.000+00:00', '3051399112', NULL, '', '', '', NULL, '', '3051399112', '1', '1', '1', '4294965759', '0', '89.31', '', '100', '686000', '293023', NULL, 'h02', '2023-09-30T12:01:31.000+00:00', '2023-09-30T12:01:28.000+00:00', '2023-09-30T11:59:24.000+00:00', '', '1', '51.955853333333', '4.4551316666667', '0', '0', '0', NULL, '0', NULL),
('295578', 'BQ0516', '1', 'LK_CAR_TQ2020/10/14 11:12', NULL, NULL, NULL, '0', '4710230037', 'offline', '2024-02-27T04:05:27.000+00:00', '3451218082', NULL, '', '', '', NULL, '', '3451218082', '1', '1', '1', '4294965759', '0', '1061303.74', '', '0', '4665852000', '295578', NULL, 'h02', '2024-02-27T04:05:27.000+00:00', '1999-11-30T00:00:00.000+00:00', '2024-02-27T04:02:37.000+00:00', '', '1', '52.02338', '4.4799466666667', '0', '0', '0', NULL, '0', NULL),
('299002', 'BQ0559', '1', 'LK_CAR_TQ2020/10/14 11:12', '', '', NULL, '0', '4710229961', 'online', '2024-03-21T10:05:05.148+00:00', '3524819358', NULL, '', '', '', NULL, '', '3524819358', '1', '', '', '4293392895', '0', '534737.58', '', '20', '2812040000', '299002', NULL, 'h02', '2024-03-21T00:04:53.731+00:00', '2024-03-21T00:04:52.000+00:00', '2024-03-21T00:04:52.000+00:00', '', '1', '51.9551', '4.4538766666667', '0', '0', '0', NULL, '0', NULL),
('299344', 'BQ0557', '1', 'LK_CAR_TQ2020/10/14 11:12', NULL, NULL, NULL, '0', '4710234306', 'offline', '2024-03-20T18:07:39.454+00:00', '3440798905', NULL, '', '', '', NULL, '', '3440798905', '1', '1', '1', '4294965759', '0', '335153.89', '', '100', '20400837463', '299344', NULL, 'h02', '2024-02-22T18:01:55.000+00:00', '2024-02-22T18:01:11.000+00:00', '2024-02-22T08:05:26.000+00:00', '', '1', '52.092423333333', '4.3235466666667', '0', '0', '0', NULL, '0', NULL),
('300265', 'BQ0148', '1', 'LK710m_V230726', '', '', '1697952854929', '0', '4710265133', 'offline', '2024-03-20T18:03:16.862+00:00', '3519074262', NULL, '', '', '', NULL, '', '3519074262', '', '', '', '4293917695', '13.83', '423819.06', '', '5', '3090510000', '300265', NULL, 'h02', '2024-03-19T13:32:16.000+00:00', '2024-03-19T13:32:15.000+00:00', '2024-03-19T13:32:15.000+00:00', '', '1', '51.955253333333', '4.453795', '0', '0', '0', NULL, '0', NULL),
('301618', 'BQ0536', '1', 'LK_CAR_TQ2020/10/14 11:12', NULL, NULL, NULL, '0', '4710234515', 'offline', '2024-03-16T11:50:29.000+00:00', '3501504433', NULL, '', '', '', NULL, '', '3501504433', '1', '', '', '4293392895', '0', '416310.24', '', '0', '3677520384', '301618', NULL, 'h02', '2024-03-13T23:46:14.000+00:00', '2024-03-13T23:44:29.000+00:00', '2024-03-13T14:41:36.000+00:00', '', '1', '51.955641666667', '4.4557716666667', '0', '0', '292', NULL, '0', NULL),
('301619', 'BQ0542', '1', 'LK_CAR_TQ2020/10/14 11:12', '', '', '1700527366203', '0', '4710229945', 'offline', '2024-03-20T08:06:31.000+00:00', '3505000654', NULL, '', '', '', NULL, '', '3505000654', '1', '', '', '4293392895', '0', '470363.77', '', '5', '4050918000', '301619', NULL, 'h02', '2024-03-14T18:02:45.000+00:00', '2024-03-14T18:02:43.000+00:00', '2024-03-14T18:02:43.000+00:00', '', '1', '52.078975', '4.3235883333333', '0', '0', '0', NULL, '0', NULL),
('301620', 'BQ0544', '1', 'LK_CAR_TQ2020/10/14 11:12', NULL, NULL, NULL, '0', '4710229931', 'offline', '2024-03-20T18:05:54.328+00:00', '3524404859', NULL, '', '', '', NULL, '', '3524404859', '1', '', '', '4293392895', '0', '569103.37', '', '40', '5916587000', '301620', NULL, 'h02', '2024-03-20T18:05:54.328+00:00', '2024-03-20T18:05:53.000+00:00', '2024-03-20T18:05:53.000+00:00', '', '1', '51.955523333333', '4.4549266666667', '0', '0', '0', NULL, '0', NULL),
('301621', 'BQ0534', '1', 'LK_CAR_TQ2020/10/14 11:12', '', '', '1701255372626', '0', '4710230766', 'online', '2024-03-21T10:04:36.232+00:00', '3525961282', NULL, '', '', '', NULL, '', '3525961282', '1', '', '', '4293392895', '0', '494053.4', '', '0', '4054847388', '301621', NULL, 'h02', '2024-03-21T10:04:36.232+00:00', '2024-03-21T10:04:35.000+00:00', '2024-03-21T10:04:35.000+00:00', '', '1', '51.955023333333', '4.45419', '0', '0', '0', NULL, '0', NULL),
('301623', 'BQ0533', '1', 'LK_CAR_TQ2020/10/14 11:12', NULL, NULL, NULL, '0', '4710232490', 'offline', '2024-03-20T02:05:44.000+00:00', '3518834316', NULL, '', '', '', NULL, '', '3518834316', '1', '', '', '4293392895', '0', '332437.21', '', '0', '7098450013', '301623', NULL, 'h02', '2024-03-19T12:38:16.000+00:00', '2024-03-19T12:38:13.000+00:00', '2024-03-18T10:05:03.000+00:00', '', '1', '51.955765', '4.4554133333333', '0', '0', '0', NULL, '0', NULL);
INSERT INTO `gps` (`id`, `title`, `attribute_b2b`, `attribute_firmware`, `attribute_guarded`, `attribute_alarm`, `attribute_lastAlarm`, `groupId`, `uniqueId`, `stat`, `lastUpdate`, `positionId`, `geofenceIds`, `phone`, `model`, `contact`, `category`, `isDisabled`, `positions_id`, `positions_armed`, `positions_charge`, `positions_ignition`, `positions_stat`, `positions_distance`, `positions_totalDistance`, `positions_motion`, `positions_batteryLevel`, `positions_hours`, `deviceId`, `thisType`, `protocol`, `serverTime`, `deviceTime`, `fixTime`, `outdated`, `valid`, `latitude`, `longitude`, `altitude`, `speed`, `course`, `thisAddress`, `accuracy`, `network`) VALUES
('301624', 'BQ0526', '1', 'LK_CAR_TQ2020/10/14 11:12', NULL, NULL, NULL, '0', '4710231026', 'offline', '2024-03-21T02:05:59.288+00:00', '3524857426', NULL, '', '', '', NULL, '', '3524857426', '1', '', '', '4293392895', '0', '468158.6', '', '0', '9309098000', '301624', NULL, 'h02', '2024-03-21T02:05:59.288+00:00', '2024-03-21T02:05:58.000+00:00', '2024-03-21T02:05:58.000+00:00', '', '1', '51.955055', '4.454095', '0', '0', '0', NULL, '0', NULL),
('301625', 'BQ0521', '1', 'LK_CAR_TQ2020/10/14 11:12', '', '', '1703587378362', '0', '4710230835', 'offline', '2024-03-20T10:28:40.000+00:00', '3522093741', NULL, '', '', '', NULL, '', '3522093741', '1', '', '', '4293392895', '0', '386534.97', '', '80', '4137255000', '301625', NULL, 'h02', '2024-03-20T10:28:40.000+00:00', '2024-03-20T10:28:38.000+00:00', '2024-03-20T10:28:38.000+00:00', '', '1', '51.955105', '4.453765', '0', '0', '0', NULL, '0', NULL),
('301626', 'BQ0518', '1', 'LK_CAR_TQ2020/10/14 11:12', '', '', '1700963767200', '0', '4710234962', 'offline', '2024-03-21T04:02:27.371+00:00', '3524904146', NULL, '', '', '', NULL, '', '3524904146', '1', '1', '1', '4294965759', '0', '593061.74', '', '40', '1034101000', '301626', NULL, 'h02', '2024-03-21T04:02:27.371+00:00', '2024-03-21T04:02:26.000+00:00', '2024-03-19T18:05:25.000+00:00', '1', '1', '52.079468333333', '4.3203083333333', '0', '0', '0', NULL, '0', NULL),
('301670', 'BQ1042', '1', 'LK_CAR_TQ2020/10/14 11:12', NULL, NULL, NULL, '0', '4710228559', 'online', '2024-03-21T10:04:46.992+00:00', '3525962204', NULL, '', '', '', NULL, '', '3525962204', '1', '', '', '4293392895', '0', '694526.76', '', '20', '3598032000', '301670', NULL, 'h02', '2024-03-21T10:04:46.992+00:00', '2024-03-21T10:04:45.000+00:00', '2024-03-21T10:04:45.000+00:00', '', '1', '51.954991666667', '4.4541166666667', '0', '0', '0', NULL, '0', NULL),
('304921', 'BQ0592', '1', 'LK_CAR_TQ2020/10/14 11:12', '', '', '1702486149676', '0', '4710235004', 'offline', '2024-03-14T02:04:06.000+00:00', '3489281301', NULL, '', '', '', NULL, '', '3489281301', '1', '', '', '4293392895', '0', '663267.69', '', '5', '2095638000', '304921', NULL, 'h02', '2024-03-09T18:04:59.000+00:00', '2024-03-09T18:04:58.000+00:00', '2024-03-09T18:04:58.000+00:00', '', '1', '52.078395', '4.3203016666667', '0', '0', '0', NULL, '0', NULL),
('304980', 'BQ1000', '1', 'LK_CAR_TQ2020/10/14 11:12', '', '', '1696147299472', '0', '4710230312', 'offline', '2024-03-21T02:05:04.394+00:00', '3521046739', NULL, '', '', '', NULL, '', '3521046739', '1', '', '', '4293392895', '0', '859760.76', '', '40', '5204688000', '304980', NULL, 'h02', '2024-03-20T06:04:03.000+00:00', '2024-03-20T06:04:02.000+00:00', '2024-03-20T06:04:02.000+00:00', '', '1', '51.910906666667', '4.5012933333333', '0', '0', '0', NULL, '0', NULL),
('305376', 'BQ0117', '1', 'LK_CAR_TQ2020/10/14 11:12', NULL, NULL, NULL, '0', '4710230228', 'offline', '2024-03-20T04:05:45.000+00:00', '3520885318', NULL, '', '', '', NULL, '', '3520885318', '1', '', '', '4293392895', '0', '852874.56', '', '80', '8993939000', '305376', NULL, 'h02', '2024-03-20T04:05:45.000+00:00', '2024-03-20T04:05:44.000+00:00', '2024-03-20T04:05:44.000+00:00', '', '1', '51.955576666667', '4.45525', '0', '0', '0', NULL, '0', NULL),
('309038', 'BQ0049', '1', 'LK710m_V230726', NULL, NULL, NULL, '0', '4710264833', 'offline', '2024-03-17T10:44:39.000+00:00', '3511965108', NULL, '', '', '', NULL, '', '3511965108', '', '', '', '4293917695', '0', '649218.88', '', '60', '4383015000', '309038', NULL, 'h02', '2024-03-17T10:44:39.000+00:00', '2024-03-17T10:44:37.000+00:00', '2024-03-17T10:44:37.000+00:00', '', '1', '51.923761666667', '4.4699433333333', '0', '0', '0', NULL, '0', NULL),
('309403', 'BQ0087', '1', 'LK_CAR_TQ2020/10/14 11:12', '', '', '1702733979758', '0', '4710231020', 'offline', '2024-02-16T18:04:49.000+00:00', '3424800944', NULL, '', '', '', NULL, '', '3424800944', '1', '', '', '4293392895', '0', '493438.76', '', '0', '2917747000', '309403', NULL, 'h02', '2024-02-16T18:04:49.000+00:00', '2024-02-16T18:04:48.000+00:00', '2024-02-16T18:04:48.000+00:00', '', '1', '51.956001666667', '4.45509', '0', '0', '0', NULL, '0', NULL),
('310843', 'BQ0701', '1', 'LK_CAR_TQ2020/10/14 11:12', '', '', NULL, '0', '4710230720', 'offline', '2024-03-21T09:57:09.609+00:00', '3525930912', NULL, '', '', '', NULL, '', '3525930912', '1', '', '', '4285004287', '0', '2254937.47', '', '20', '4247209000', '310843', NULL, 'h02', '2024-03-21T09:57:09.609+00:00', '2024-03-21T09:57:08.000+00:00', '2024-03-21T09:57:08.000+00:00', '', '1', '51.95561', '4.455315', '0', '0', '0', NULL, '0', NULL),
('313857', 'BQ0083', '1', 'LK_CAR_TQ2020/10/14 11:12', NULL, NULL, NULL, '0', '4710230213', 'offline', '2024-03-21T06:04:58.930+00:00', '3524637436', NULL, '', '', '', NULL, '', '3524637436', '1', '', '', '4293392895', '0', '685467.97', '', '40', '2091712000', '313857', NULL, 'h02', '2024-03-20T20:04:29.334+00:00', '2024-03-20T20:04:28.000+00:00', '2024-03-20T20:04:28.000+00:00', '', '1', '51.955675', '4.4548766666667', '0', '0', '0', NULL, '0', NULL),
('319873', 'BQ0225', '1', 'LK710m_V230726', NULL, NULL, NULL, '0', '8710000035', 'offline', '2024-03-19T10:46:42.000+00:00', '3518380827', NULL, '', '', '', NULL, '', '3518380827', '', '', '', '4293917695', '0', '363202.62', '', '60', '7521598000', '319873', NULL, 'h02', '2024-03-19T10:46:42.000+00:00', '2024-03-19T10:46:40.000+00:00', '2024-03-19T10:46:40.000+00:00', '', '1', '51.955345', '4.4535783333333', '0', '0', '0', NULL, '0', NULL),
('325686', 'BQ0079', '1', 'LK_CAR_TQ2020/10/14 11:12', '', '', '1705683082851', '0', '4710230206', 'offline', '2024-03-17T09:38:04.000+00:00', '3511676044', NULL, '', '', '', NULL, '', '3511676044', '1', '1', '1', '4294965759', '0', '120837.29', '', '100', '6820675000', '325686', NULL, 'h02', '2024-03-17T09:38:03.000+00:00', '2024-03-17T09:37:53.000+00:00', '2024-03-10T14:30:55.000+00:00', '', '1', '51.92247', '4.4689133333333', '0', '0', '0', NULL, '0', NULL),
('327250', 'BQ0176', '1', 'LK_CAR_TQ2020/10/14 11:12', '', '', '1706605517597', '0', '4710230179', 'offline', '2024-03-20T14:05:40.000+00:00', '3523283156', NULL, '', '', '', NULL, '', '3523283156', '1', '', '', '4293392895', '0', '201134.21', '', '20', '1474187000', '327250', NULL, 'h02', '2024-03-20T14:05:40.000+00:00', '2024-03-20T14:05:38.000+00:00', '2024-03-20T14:05:38.000+00:00', '', '1', '51.955191666667', '4.4539416666667', '0', '0', '0', NULL, '0', NULL),
('327835', 'BQ0065', '1', 'LK_CAR_TQ2020/10/14 11:12', NULL, NULL, NULL, '0', '4710231528', 'offline', '2024-03-21T04:04:55.492+00:00', '3524907448', NULL, '', '', '', NULL, '', '3524907448', '1', '', '', '4293392895', '0', '224562.49', '', '20', '1257475000', '327835', NULL, 'h02', '2024-03-21T04:04:55.492+00:00', '2024-03-21T04:04:54.000+00:00', '2024-03-21T04:04:54.000+00:00', '', '1', '51.955333333333', '4.45777', '0', '0', '0', NULL, '0', NULL),
('328234', 'BQ0059', '1', 'LK710m_V230726', NULL, NULL, NULL, '0', '4710288738', 'offline', '2024-03-20T09:21:38.000+00:00', '3521811542', NULL, '', '', '', NULL, '', '3521811542', '', '', '', '4293917695', '0', '903197.92', '', '60', '450036000', '328234', NULL, 'h02', '2024-03-20T09:21:38.000+00:00', '2024-03-20T09:21:37.000+00:00', '2024-03-20T09:21:37.000+00:00', '', '1', '51.955085', '4.45322', '0', '0', '0', NULL, '0', NULL),
('328437', 'BQ0110', '1', 'LK_CAR_TQ2020/10/14 11:12', NULL, NULL, NULL, '0', '4710233985', 'offline', '2024-03-21T04:03:53.971+00:00', '3524904939', NULL, '', '', '', NULL, '', '3524904939', '1', '', '', '4293392895', '0', '180471.38', '', '40', '891679000', '328437', NULL, 'h02', '2024-03-21T04:03:08.847+00:00', '2024-03-21T04:03:07.000+00:00', '2024-03-21T04:03:07.000+00:00', '', '1', '51.95577', '4.4549266666667', '0', '0', '0', NULL, '0', NULL),
('328594', 'BQ0546', '1', 'LK_CAR_TQ2020/10/14 11:12', NULL, NULL, NULL, '0', '4710230303', 'online', '2024-03-21T10:07:57.563+00:00', '3520884170', NULL, '', '', '', NULL, '', '3520884170', '1', '', '', '4293392895', '0', '164252.43', '', '0', '368328000', '328594', NULL, 'h02', '2024-03-20T04:04:42.000+00:00', '2024-03-20T04:04:41.000+00:00', '2024-03-20T04:04:41.000+00:00', '', '1', '51.955303333333', '4.4537533333333', '0', '0', '0', NULL, '0', NULL),
('329034', 'BQ0026', '1', 'LK_CAR_TQ2020/10/14 11:12', NULL, NULL, NULL, '0', '4710233991', 'offline', '2024-03-20T10:36:56.000+00:00', '3522131484', NULL, '', '', '', NULL, '', '3522131484', '1', '', '', '4293392895', '0', '329760.58', '', '80', '1574353000', '329034', NULL, 'h02', '2024-03-20T10:36:56.000+00:00', '2024-03-20T10:36:55.000+00:00', '2024-03-20T10:36:55.000+00:00', '', '1', '51.955081666667', '4.4539483333333', '0', '0', '0', NULL, '0', NULL),
('329040', 'BQ0529', '1', 'LK_CAR_TQ2020/10/14 11:12', NULL, NULL, NULL, '0', '4710231430', 'offline', '2024-03-15T04:24:51.000+00:00', '3498111110', NULL, '', '', '', NULL, '', '3498111110', '1', '1', '1', '4294965759', '0', '225395.44', '', '5', '331789000', '329040', NULL, 'h02', '2024-03-12T22:03:01.000+00:00', '1999-11-30T00:00:00.000+00:00', '2024-03-11T13:30:47.000+00:00', '', '1', '51.955018333333', '4.4539833333333', '0', '0', '308', NULL, '0', NULL),
('329305', 'BQ0566', '1', 'LK_CAR_TQ2020/10/14 11:12', NULL, NULL, NULL, '0', '4710232798', 'offline', '2024-03-20T12:06:35.000+00:00', '3522588530', NULL, '', '', '', NULL, '', '3522588530', '1', '', '', '4293392895', '0', '149841.05', '', '40', '1601284000', '329305', NULL, 'h02', '2024-03-20T12:06:35.000+00:00', '2024-03-20T12:06:31.000+00:00', '2024-02-20T04:05:51.000+00:00', '', '1', '52.081948333333', '4.33649', '0', '0', '0', NULL, '0', NULL),
('329408', 'BQ0191', '1', 'LK_CAR_TQ2020/10/14 11:12', NULL, NULL, NULL, '0', '4710234233', 'offline', '2024-03-21T06:04:52.067+00:00', '3525078686', NULL, '', '', '', NULL, '', '3525078686', '1', '', '', '4293392895', '0', '123361.28', '', '20', '3583432000', '329408', NULL, 'h02', '2024-03-21T06:04:52.067+00:00', '2024-03-21T06:04:51.000+00:00', '2024-03-21T06:04:51.000+00:00', '', '1', '51.92083', '4.5261116666667', '0', '0', '0', NULL, '0', NULL),
('331389', 'BQ0109', '1', 'LK710m_V230726', NULL, NULL, NULL, '0', '4710288126', 'offline', '2024-03-10T09:41:16.000+00:00', '3489965261', NULL, '', '', '', NULL, '', '3489965261', '', '', '', '4293917695', '0', '46624.16', '', '80', '280264000', '331389', NULL, 'h02', '2024-03-10T09:41:10.000+00:00', '2024-03-10T09:41:09.000+00:00', '2024-02-14T17:19:01.000+00:00', '', '1', '51.906055', '4.456265', '0', '0', '0', NULL, '0', NULL),
('334782', 'BQ0304', '1', 'LK710m_V230726', NULL, NULL, NULL, '0', '8710000668', 'offline', '2024-03-21T08:06:56.970+00:00', '3525558448', NULL, '', '', '', NULL, '', '3525558448', '', '', '', '4293917695', '7.91', '7396.46', '', '80', '68835000', '334782', NULL, 'h02', '2024-03-21T08:06:56.970+00:00', '2024-03-21T08:06:56.000+00:00', '2024-03-21T08:06:56.000+00:00', '', '1', '51.96018', '4.5023483333333', '0', '0', '0', NULL, '0', NULL);

-- --------------------------------------------------------

--
-- Table structure for table `joyride`
--

CREATE TABLE `joyride` (
  `name` varchar(50) NOT NULL,
  `status` varchar(50) DEFAULT NULL,
  `reason` varchar(255) DEFAULT NULL,
  `lat` float DEFAULT NULL,
  `lon` float DEFAULT NULL,
  `last_event_time` bigint(20) DEFAULT NULL
) ENGINE=InnoDB DEFAULT CHARSET=utf8mb4 COLLATE=utf8mb4_general_ci;

--
-- Dumping data for table `joyride`
--

INSERT INTO `joyride` (`name`, `status`, `reason`, `lat`, `lon`, `last_event_time`) VALUES
('BQ0025', 'unavailable', 'in warehouse', 51.9243, 4.53145, 1703678522000),
('BQ0026', 'unavailable', 'in warehouse', 51.934, 4.46233, 1709730044000),
('BQ0027', 'unavailable', 'service_on', 51.9336, 4.47973, 1707940136000),
('BQ0028', 'unavailable', 'service_on', 51.9555, 4.45513, 1709215687000),
('BQ0030', 'unavailable', 'in warehouse', 51.9174, 4.44639, 1708514925000),
('BQ0031', 'unavailable', 'in warehouse', 51.9169, 4.47261, 1708522752000),
('BQ0032', 'unavailable', 'unknown', 51.9228, 4.46909, 1710600100000),
('BQ0033', 'unavailable', 'in warehouse', 51.9181, 4.45293, 1710075748000),
('BQ0034', 'unavailable', 'in warehouse', 51.9379, 4.47639, 1709739369000),
('BQ0035', 'unavailable', 'service_on', 51.9206, 4.5111, 1707940619000),
('BQ0036', 'unavailable', 'in warehouse', 51.9555, 4.45513, 1709215848000),
('BQ0037', 'in ride', '', 51.9331, 4.48052, 1710812107000),
('BQ0038', 'unavailable', 'service_on', 51.9198, 4.48801, 1707823051000),
('BQ0039', 'unavailable', 'in warehouse', 52.044, 5.66854, 1707152296000),
('BQ0041', 'unavailable', 'service_on', 51.937, 4.47105, 1707935078000),
('BQ0042', 'unavailable', 'in warehouse', 52.0252, 5.65105, 1709378824000),
('BQ0043', 'unavailable', 'in warehouse', 51.9334, 4.47835, 1710837877000),
('BQ0044', 'unavailable', 'in warehouse', 51.9331, 4.45793, 1708591024000),
('BQ0045', 'unavailable', 'in warehouse', 51.907, 4.45572, 1709722985000),
('BQ0046', 'unavailable', 'in warehouse', 51.9128, 4.46408, 1710084067000),
('BQ0047', 'unavailable', 'in warehouse', 51.9353, 4.46287, 1707746306000),
('BQ0048', 'unavailable', 'service_on', 51.9179, 4.4799, 1709391641000),
('BQ0049', 'unavailable', 'service_on', 51.9227, 4.46926, 1710076847000),
('BQ0050', 'unavailable', 'in warehouse', 51.9223, 4.46945, 1707749535000),
('BQ0051', 'unavailable', 'service_on', 51.916, 4.48855, 1707722236000),
('BQ0052', 'unavailable', 'in warehouse', 51.9166, 4.44526, 1707828392000),
('BQ0053', 'unavailable', 'service_on', 51.9234, 4.47333, 1708590099000),
('BQ0054', 'unavailable', 'in warehouse', 52.0191, 5.66298, 1707750799000),
('BQ0056', 'unavailable', 'in warehouse', 51.9017, 4.48387, 1680777867000),
('BQ0057', 'unavailable', 'service_on', 51.9194, 4.51397, 1707735195000),
('BQ0058', 'unavailable', 'in warehouse', 51.9598, 4.47182, 1708507731000),
('BQ0059', 'unavailable', 'in warehouse', 51.9555, 4.45513, 1709215824000),
('BQ0060', 'unavailable', 'in warehouse', 51.9191, 4.50764, 1710938701000),
('BQ0061', 'available', 'service_on', 51.9229, 4.46942, 1711011665000),
('BQ0062', 'unavailable', 'in warehouse', 51.9215, 4.48821, 1709733166000),
('BQ0063', 'unavailable', 'unknown', 51.9206, 4.47469, 1710000785000),
('BQ0064', 'unavailable', 'service_on', 51.9167, 4.48562, 1707754708000),
('BQ0065', 'unavailable', 'service_on', 51.9554, 4.45779, 1710430663000),
('BQ0066', 'unavailable', 'in warehouse', 51.9167, 4.47311, 1708517646000),
('BQ0067', 'unavailable', 'service_on', 51.9299, 4.50257, 1707863385000),
('BQ0068', 'unavailable', 'service_on', 51.9371, 4.48067, 1707920358000),
('BQ0069', 'unavailable', 'service_on', 51.939, 4.47328, 1707937625000),
('BQ0070', 'unavailable', 'in warehouse', 51.9334, 4.47836, 1710837800000),
('BQ0071', 'unavailable', 'service_on', 51.9292, 4.50331, 1707758998000),
('BQ0072', 'unavailable', 'in warehouse', 51.9447, 4.45038, 1709220864000),
('BQ0073', 'unavailable', 'service_on', 51.9217, 4.47702, 1707726920000),
('BQ0074', 'unavailable', 'service_on', 51.9228, 4.46977, 1710076974000),
('BQ0075', 'unavailable', 'service_on', 51.9298, 4.50264, 1707746254000),
('BQ0076', 'available', 'service_on', 51.9164, 4.4467, 1711005793000),
('BQ0078', 'unavailable', 'in warehouse', 51.9248, 4.46327, 1709218202000),
('BQ0079', 'unavailable', 'service_on', 51.9228, 4.46939, 1710080864000),
('BQ0081', 'unavailable', 'in warehouse', 51.96, 4.50232, 1710755747000),
('BQ0082', 'unavailable', 'in warehouse', 51.9555, 4.45513, 1709215914000),
('BQ0083', 'unavailable', 'in warehouse', 51.9108, 4.47266, 1708525623000),
('BQ0084', 'unavailable', 'in warehouse', 51.9528, 4.46926, 1708509507000),
('BQ0085', 'unavailable', 'service_on', 51.9058, 4.49953, 1707942749000),
('BQ0086', 'unavailable', 'service_on', 51.9553, 4.45784, 1710430777000),
('BQ0087', 'unavailable', 'in warehouse', 51.9343, 4.47975, 1703771564000),
('BQ0088', 'unavailable', 'service_on', 51.9391, 4.47989, 1707936014000),
('BQ0089', 'unavailable', 'service_on', 51.9132, 4.48516, 1707488155000),
('BQ0090', 'unavailable', 'in warehouse', 51.9453, 4.48715, 1706452842000),
('BQ0091', 'unavailable', 'service_on', 51.9101, 4.49067, 1707851572000),
('BQ0092', 'unavailable', 'in warehouse', 51.9216, 4.50662, 1709732741000),
('BQ0093', 'available', 'service_on', 51.9234, 4.47348, 1711006605000),
('BQ0094', 'unavailable', 'in warehouse', 51.9555, 4.45513, 1709215742000),
('BQ0095', 'unavailable', 'service_on', 51.9324, 4.47391, 1707947476000),
('BQ0096', 'unavailable', 'in warehouse', 51.9276, 4.45595, 1708515706000),
('BQ0097', 'available', 'service_on', 51.9175, 4.45402, 1711006105000),
('BQ0098', 'unavailable', 'unknown', 51.9225, 4.46906, 1710069907000),
('BQ0099', 'unavailable', 'service_on', 51.904, 4.48495, 1707585608000),
('BQ0100', 'unavailable', 'service_on', 51.9387, 4.47018, 1707925738000),
('BQ0101', 'unavailable', 'service_on', 51.9357, 4.47099, 1707930856000),
('BQ0102', 'available', 'service_on', 52.0349, 5.67656, 1710949833000),
('BQ0103', 'available', 'service_on', 52.0106, 5.67885, 1710847584000),
('BQ0104', 'unavailable', 'in warehouse', 51.9229, 4.525, 1710713777000),
('BQ0106', 'unavailable', 'service_on', 51.9113, 4.49296, 1707926658000),
('BQ0107', 'unavailable', 'in warehouse', 51.9354, 4.46006, 1707055514000),
('BQ0108', 'unavailable', 'in warehouse', 51.96, 4.50231, 1711009079000),
('BQ0109', 'unavailable', 'in warehouse', 51.906, 4.45661, 1709722739000),
('BQ0110', 'unavailable', 'in warehouse', 51.9251, 4.47374, 1708590326000),
('BQ0111', 'unavailable', 'service_on', 51.9306, 4.50396, 1707682548000),
('BQ0112', 'available', 'service_on', 51.9214, 4.46258, 1710961166000),
('BQ0114', 'available', 'service_on', 51.9192, 4.44787, 1710956189000),
('BQ0115', 'unavailable', 'service_on', 51.9143, 4.49616, 1707687172000),
('BQ0116', 'unavailable', 'in warehouse', 51.9448, 4.4505, 1709220801000),
('BQ0119', 'available', 'service_on', 51.9167, 4.44941, 1711006968000),
('BQ0120', 'unavailable', 'in warehouse', 51.9212, 4.47227, 1709212012000),
('BQ0121', 'unavailable', 'service_on', 51.9114, 4.49178, 1707681746000),
('BQ0122', 'unavailable', 'in warehouse', 51.9192, 4.52389, 1710713629000),
('BQ0123', 'unavailable', 'in warehouse', 51.9207, 4.45324, 1709717052000),
('BQ0124', 'in ride', '', 51.9175, 4.48902, 1711009222000),
('BQ0125', 'unavailable', 'in warehouse', 51.9556, 4.45553, 1709112613000),
('BQ0126', 'available', 'service_on', 52.0033, 5.66412, 1710425119000),
('BQ0127', 'unavailable', 'service_on', 51.9227, 4.46951, 1710083274000),
('BQ0128', 'unavailable', 'unknown', 51.934, 4.46241, 1708169099000),
('BQ0129', 'unavailable', 'in warehouse', 51.9228, 4.4626, 1710079714000),
('BQ0130', 'unavailable', 'service_on', 51.9294, 4.4913, 1707906599000),
('BQ0131', 'unavailable', 'service_on', 51.9227, 4.46934, 1710075346000),
('BQ0133', 'available', 'service_on', 51.9202, 4.44372, 1710991556000),
('BQ0134', 'available', 'service_on', 51.9068, 4.47683, 1710977257000),
('BQ0135', 'unavailable', 'in warehouse', 51.9555, 4.45513, 1709215762000),
('BQ0136', 'unavailable', 'in warehouse', 51.9086, 4.45209, 1709723153000),
('BQ0137', 'unavailable', 'service_on', 51.9111, 4.50135, 1707933376000),
('BQ0138', 'unavailable', 'service_on', 51.9553, 4.45783, 1710865217000),
('BQ0139', 'unavailable', 'service_on', 51.935, 4.49139, 1707921533000),
('BQ0140', 'unavailable', 'service_on', 51.9277, 4.50928, 1707668130000),
('BQ0141', 'unavailable', 'service_on', 51.9227, 4.46922, 1710073629000),
('BQ0142', 'unavailable', 'in warehouse', 51.9212, 4.47227, 1709212050000),
('BQ0143', 'unavailable', 'in warehouse', 51.9318, 4.46981, 1709212669000),
('BQ0144', 'unavailable', 'service_on', 51.9228, 4.46949, 1710075251000),
('BQ0145', 'unavailable', 'in warehouse', 51.936, 4.46003, 1708439434000),
('BQ0146', 'unavailable', 'in warehouse', 51.9462, 4.45581, 1709220598000),
('BQ0147', 'unavailable', 'service_on', 51.9227, 4.46926, 1710080761000),
('BQ0148', 'unavailable', 'in warehouse', 51.9112, 4.4776, 1707434649000),
('BQ0150', 'unavailable', 'service_on', 51.9227, 4.46937, 1710073745000),
('BQ0151', 'unavailable', 'in warehouse', 51.9458, 4.48564, 1709726120000),
('BQ0153', 'available', 'service_on', 51.9328, 4.47513, 1710953978000),
('BQ0154', 'unavailable', 'in warehouse', 51.9114, 4.47818, 1707894261000),
('BQ0155', 'unavailable', 'in warehouse', 51.919, 4.44706, 1709393476000),
('BQ0156', 'unavailable', 'in warehouse', 51.9357, 4.48977, 1709826200000),
('BQ0157', 'available', 'service_on', 51.922, 4.45965, 1711005288000),
('BQ0158', 'unavailable', 'in warehouse', 51.9593, 4.50327, 1708795671000),
('BQ0159', 'unavailable', 'in warehouse', 51.9166, 4.52839, 1710937968000),
('BQ0160', 'available', 'service_on', 52.0272, 5.67338, 1710951336000),
('BQ0161', 'unavailable', 'unknown', 51.9186, 4.47546, 1707834789000),
('BQ0162', 'unavailable', 'in warehouse', 51.959, 4.49445, 1709728290000),
('BQ0163', 'unavailable', 'in warehouse', 51.9566, 4.49604, 1709726659000),
('BQ0164', 'unavailable', 'in warehouse', 51.9348, 4.46052, 1708505902000),
('BQ0165', 'unavailable', 'in warehouse', 51.9108, 4.47276, 1708525551000),
('BQ0166', 'available', 'service_on', 52.0067, 5.66771, 1710685953000),
('BQ0167', 'unavailable', 'in warehouse', 51.9196, 4.49322, 1707051573000),
('BQ0168', 'unavailable', 'in warehouse', 51.9141, 4.5206, 1710938350000),
('BQ0169', 'unavailable', 'in warehouse', 51.9135, 4.47643, 1707932097000),
('BQ0170', 'unavailable', 'in warehouse', 51.9342, 4.46234, 1710077431000),
('BQ0171', 'unavailable', 'service_on', 51.918, 4.48813, 1707823637000),
('BQ0173', 'unavailable', 'in warehouse', 52.0294, 5.67134, 1709382886000),
('BQ0174', 'unavailable', 'in warehouse', 51.9076, 4.45059, 1709735886000),
('BQ0175', 'unavailable', 'service_on', 51.9281, 4.50799, 1707752590000),
('BQ0176', 'unavailable', 'in warehouse', 51.9255, 4.4666, 1709217925000),
('BQ0177', 'unavailable', 'low battery', 51.9092, 4.45819, 1710958601000),
('BQ0178', 'unavailable', 'in warehouse', 51.9586, 4.48108, 1707824263000),
('BQ0179', 'unavailable', 'in warehouse', 51.9599, 4.50377, 1707724928000),
('BQ0180', 'unavailable', 'in warehouse', 51.9555, 4.45513, 1709215721000),
('BQ0181', 'unavailable', 'in warehouse', 51.9452, 4.48053, 1709725702000),
('BQ0182', 'in ride', '', 51.9194, 4.45585, 1710952927000),
('BQ0183', 'available', 'service_on', 51.9115, 4.48171, 1711007286000),
('BQ0184', 'unavailable', 'in warehouse', 51.9132, 4.48525, 1707810145000),
('BQ0185', 'unavailable', 'service_on', 51.9111, 4.48185, 1707744181000),
('BQ0186', 'unavailable', 'in warehouse', 51.9316, 4.47615, 1710962402000),
('BQ0187', 'unavailable', 'in warehouse', 51.9555, 4.45513, 1709215932000),
('BQ0188', 'unavailable', 'in warehouse', 51.9354, 4.48976, 1709826274000),
('BQ0189', 'unavailable', 'service_on', 51.9183, 4.48959, 1707762249000),
('BQ0191', 'unavailable', 'service_on', 51.9208, 4.52616, 1707172251000),
('BQ0192', 'available', 'service_on', 51.9283, 4.4809, 1711008045000),
('BQ0193', 'unavailable', 'in warehouse', 51.9555, 4.45513, 1709215782000),
('BQ0194', 'available', 'service_on', 52.0253, 5.65099, 1710861429000),
('BQ0195', 'unavailable', 'in warehouse', 51.9147, 4.44865, 1710941740000),
('BQ0196', 'unavailable', 'service_on', 51.9249, 4.51815, 1707652926000),
('BQ0197', 'unavailable', 'service_on', 51.9376, 4.47197, 1707939101000),
('BQ0198', 'unavailable', 'in warehouse', 51.92, 4.47229, 1709718966000),
('BQ0199', 'unavailable', 'in warehouse', 51.9487, 4.46499, 1708510993000),
('BQ0200', 'unavailable', 'in warehouse', 51.9416, 4.47371, 1708529868000),
('BQ0201', 'unavailable', 'in warehouse', 51.9141, 4.45008, 1710941880000),
('BQ0203', 'unavailable', 'in warehouse', 51.9228, 4.46964, 1707924868000),
('BQ0204', 'unavailable', 'in warehouse', 51.9587, 4.48117, 1707138460000),
('BQ0205', 'unavailable', 'service_on', 51.9227, 4.46924, 1710070076000),
('BQ0206', 'unavailable', 'in warehouse', 51.9555, 4.45513, 1709215890000),
('BQ0207', 'unavailable', 'service_on', 51.9174, 4.52249, 1707909875000),
('BQ0208', 'unavailable', 'in warehouse', 51.9228, 4.46958, 1707818794000),
('BQ0209', 'available', 'service_on', 51.9421, 4.46059, 1710587842000),
('BQ0210', 'unavailable', 'in warehouse', 51.9125, 4.46019, 1710942162000),
('BQ0211', 'unavailable', 'service_on', 51.9227, 4.46904, 1710080621000),
('BQ0212', 'unavailable', 'in warehouse', 51.9179, 4.47982, 1709391709000),
('BQ0213', 'unavailable', 'service_on', 51.9176, 4.48693, 1707843680000),
('BQ0214', 'unavailable', 'in warehouse', 51.9377, 4.47642, 1709739265000),
('BQ0215', 'unavailable', 'in warehouse', 51.9229, 4.46987, 1708791218000),
('BQ0216', 'available', 'service_on', 51.9572, 4.49111, 1710774303000),
('BQ0217', 'unavailable', 'in warehouse', 51.9206, 4.44617, 1710948939000),
('BQ0218', 'in ride', '', 51.911, 4.46797, 1711011732000),
('BQ0219', 'unavailable', 'in warehouse', 51.9619, 4.56781, 1707842807000),
('BQ0220', 'unavailable', 'in warehouse', 51.9132, 4.4653, 1710083946000),
('BQ0221', 'unavailable', 'in warehouse', 51.9169, 4.47706, 1707942299000),
('BQ0222', 'unavailable', 'in warehouse', 51.9321, 4.46207, 1709730350000),
('BQ0224', 'unavailable', 'unknown', 51.9227, 4.46905, 1710599890000),
('BQ0225', 'unavailable', 'in warehouse', 51.9076, 4.46159, 1709736189000),
('BQ0226', 'unavailable', 'service_on', 51.9286, 4.51135, 1707811749000),
('BQ0227', 'in ride', '', 51.9173, 4.44628, 1711006108000),
('BQ0228', 'unavailable', 'in warehouse', 51.9229, 4.46965, 1707931208000),
('BQ0229', 'available', 'service_on', 51.9434, 4.47166, 1711006981000),
('BQ0230', 'unavailable', 'service_on', 51.9226, 4.46915, 1710069951000),
('BQ0231', 'unavailable', 'in warehouse', 51.9108, 4.45722, 1709736505000),
('BQ0232', 'unavailable', 'service_on', 51.9347, 4.49705, 1707907616000),
('BQ0233', 'unavailable', 'in warehouse', 51.9173, 4.51735, 1707052163000),
('BQ0234', 'unavailable', 'in warehouse', 51.9555, 4.45513, 1709215871000),
('BQ0235', 'unavailable', 'in warehouse', 51.9603, 4.4963, 1709728045000),
('BQ0236', 'unavailable', 'in warehouse', 51.9358, 4.49065, 1706107457000),
('BQ0237', 'available', 'service_on', 51.9321, 4.47437, 1710952514000),
('BQ0238', 'unavailable', 'in warehouse', 51.9111, 4.50076, 1705332040000),
('BQ0239', 'unavailable', 'in warehouse', 51.9172, 4.48933, 1705501214000),
('BQ0240', 'unavailable', 'in warehouse', 52.1022, 4.28241, 1703057548000),
('BQ0241', 'unavailable', 'low battery', 51.9612, 4.50554, 1710972288000),
('BQ0242', 'unavailable', 'service_on', 51.9254, 4.50883, 1707471074000),
('BQ0243', 'unavailable', 'service_on', 51.9079, 4.49225, 1707731431000),
('BQ0244', 'unavailable', 'in warehouse', 51.9445, 4.47544, 1708528226000),
('BQ0246', 'unavailable', 'service_on', 51.9302, 4.50376, 1707613741000),
('BQ0247', 'unavailable', 'unknown', 51.9232, 4.52485, 1707291867000),
('BQ0248', 'unavailable', 'in warehouse', 0, 0, 1711011675000),
('BQ0250', 'unavailable', 'in warehouse', 51.9278, 4.46294, 1709218773000),
('BQ0251', 'unavailable', 'in warehouse', 51.9198, 4.47976, 1697104359000),
('BQ0252', 'available', 'service_on', 51.9538, 4.46833, 1710923373000),
('BQ0253', 'unavailable', 'in warehouse', 51.9143, 4.45914, 1704368137000),
('BQ0254', 'unavailable', 'in warehouse', 51.9339, 4.46241, 1709730106000),
('BQ0255', 'unavailable', 'in warehouse', 52.0505, 5.63026, 1707748228000),
('BQ0256', 'unavailable', 'service_on', 51.9226, 4.46912, 1710492580000),
('BQ0257', 'in ride', '', 51.9349, 4.46038, 1711006288000),
('BQ0259', 'available', 'service_on', 51.9597, 4.4725, 1711006206000),
('BQ0260', 'unavailable', 'in warehouse', 51.9585, 4.49476, 1708948627000),
('BQ0261', 'available', 'service_on', 52.0203, 5.63733, 1710947361000),
('BQ0262', 'unavailable', 'service_on', 51.9226, 4.4691, 1710075150000),
('BQ0264', 'unavailable', 'service_on', 51.938, 4.48195, 1707952079000),
('BQ0265', 'unavailable', 'service_on', 51.9107, 4.49014, 1707659791000),
('BQ0266', 'unavailable', 'in warehouse', 51.9556, 4.45528, 1710775425000),
('BQ0501', 'available', 'service_on', 52.0051, 5.67186, 1710077740000),
('BQ0502', 'unavailable', 'in warehouse', 52.3349, 4.87276, 1706970178000),
('BQ0503', 'unavailable', 'unknown', 52.0795, 4.32345, 1708599399000),
('BQ0504', 'unavailable', 'in warehouse', 52.0052, 5.67261, 1709372386000),
('BQ0505', 'unavailable', 'in warehouse', 52.0787, 4.32351, 1711010089000),
('BQ0506', 'unavailable', 'in warehouse', 51.9555, 4.4553, 1709370998000),
('BQ0507', 'unavailable', 'in warehouse', 52.3517, 4.94629, 1693680929000),
('BQ0508', 'unavailable', 'service_on', 52.0787, 4.32332, 1710414609000),
('BQ0509', 'unavailable', 'service_on', 52.0787, 4.32349, 1710411585000),
('BQ0510', 'unavailable', 'in warehouse', 52.0804, 4.30975, 1708594055000),
('BQ0511', 'unavailable', 'in warehouse', 52.0804, 4.29359, 1703974887000),
('BQ0512', 'unavailable', 'unknown', 52.0786, 4.32355, 1708606143000),
('BQ0513', 'unavailable', 'unknown', 52.0795, 4.32349, 1708601322000),
('BQ0514', 'unavailable', 'in warehouse', 52.0756, 4.27922, 1710332237000),
('BQ0515', 'unavailable', 'in warehouse', 52.335, 4.88514, 1707488781000),
('BQ0517', 'unavailable', 'unknown', 52.0795, 4.32358, 1708599204000),
('BQ0518', 'unavailable', 'unknown', 52.0786, 4.32355, 1708606066000),
('BQ0519', 'unavailable', 'service_on', 52.0789, 4.32362, 1710411529000),
('BQ0520', 'unavailable', 'in warehouse', 52.082, 4.30776, 1707770586000),
('BQ0521', 'unavailable', 'in warehouse', 52.0758, 4.2795, 1710332176000),
('BQ0522', 'unavailable', 'in warehouse', 52.0786, 4.3236, 1709367782000),
('BQ0523', 'unavailable', 'in warehouse', 52.1046, 4.30652, 1710343142000),
('BQ0524', 'unavailable', 'service_on', 52.0787, 4.32358, 1710418045000),
('BQ0526', 'unavailable', 'in warehouse', 52.1041, 4.27608, 1710325923000),
('BQ0528', 'unavailable', 'in warehouse', 52.0786, 4.3236, 1709367753000),
('BQ0529', 'unavailable', 'in warehouse', 52.1061, 4.28099, 1709820132000),
('BQ0530', 'unavailable', 'service_on', 52.0787, 4.3234, 1710414731000),
('BQ0531', 'unavailable', 'in warehouse', 52.0106, 5.67889, 1709374681000),
('BQ0533', 'unavailable', 'in warehouse', 52.1087, 4.30393, 1710338534000),
('BQ0534', 'unavailable', 'in warehouse', 52.115, 4.28436, 1709814124000),
('BQ0535', 'unavailable', 'in warehouse', 52.0802, 4.31041, 1707770917000),
('BQ0536', 'unavailable', 'in warehouse', 52.1082, 4.29738, 1710338329000),
('BQ0537', 'unavailable', 'in warehouse', 52.0786, 4.3236, 1709367821000),
('BQ0538', 'unavailable', 'service_on', 52.0784, 4.32275, 1710407899000),
('BQ0540', 'unavailable', 'in warehouse', 52.3724, 4.85658, 1706974357000),
('BQ0542', 'unavailable', 'service_on', 52.0788, 4.3232, 1710407963000),
('BQ0543', 'available', 'service_on', 52.0191, 5.66287, 1710929822000),
('BQ0544', 'unavailable', 'in warehouse', 51.9555, 4.4553, 1709371027000),
('BQ0545', 'unavailable', 'in warehouse', 52.1031, 4.28635, 1710337431000),
('BQ0546', 'unavailable', 'in warehouse', 52.1031, 4.26582, 1709814663000),
('BQ0547', 'unavailable', 'service_on', 52.0786, 4.32353, 1710411473000),
('BQ0548', 'unavailable', 'in warehouse', 52.0571, 4.25072, 1710419538000),
('BQ0549', 'unavailable', 'in warehouse', 52.0922, 4.30158, 1710342842000),
('BQ0550', 'available', 'service_on', 52.0504, 5.63029, 1710683707000),
('BQ0551', 'available', 'service_on', 52.041, 5.64449, 1709583939000),
('BQ0552', 'available', 'service_on', 52.044, 5.66851, 1710083870000),
('BQ0553', 'unavailable', 'in warehouse', 52.1037, 4.27398, 1710326086000),
('BQ0554', 'unavailable', 'in warehouse', 52.1064, 4.28019, 1709819935000),
('BQ0555', 'unavailable', 'unknown', 52.0794, 4.32343, 1708601363000),
('BQ0556', 'unavailable', 'in warehouse', 52.0555, 4.24709, 1710420132000),
('BQ0557', 'unavailable', 'unknown', 52.0794, 4.32354, 1708603315000),
('BQ0559', 'unavailable', 'in warehouse', 52.0788, 4.32345, 1709368387000),
('BQ0560', 'unavailable', 'in warehouse', 52.0033, 5.66415, 1709371923000),
('BQ0561', 'unavailable', 'in warehouse', 52.107, 4.30738, 1710343302000),
('BQ0563', 'unavailable', 'in warehouse', 52.0788, 4.32348, 1711010206000),
('BQ0565', 'available', 'service_on', 52.028, 5.67521, 1710867896000),
('BQ0566', 'unavailable', 'unknown', 52.0786, 4.32363, 1708606219000),
('BQ0568', 'unavailable', 'in warehouse', 52.0786, 4.3236, 1709367731000),
('BQ0569', 'unavailable', 'unknown', 52.0795, 4.32347, 1708599303000),
('BQ0571', 'unavailable', 'in warehouse', 52.0567, 4.2467, 1710420366000),
('BQ0573', 'unavailable', 'in warehouse', 52.105, 4.27913, 1710326800000),
('BQ0574', 'unavailable', 'unknown', 52.0794, 4.32357, 1708603231000),
('BQ0575', 'unavailable', 'unknown', 52.0795, 4.32349, 1708601447000),
('BQ0576', 'available', 'service_on', 52.0504, 5.63028, 1710605059000),
('BQ0577', 'unavailable', 'unknown', 52.0794, 4.3235, 1708603131000),
('BQ0578', 'unavailable', 'in warehouse', 52.1013, 4.26275, 1709814839000),
('BQ0579', 'unavailable', 'service_on', 52.0788, 4.3235, 1710408050000),
('BQ0580', 'unavailable', 'in warehouse', 52.0349, 5.67656, 1706456323000),
('BQ0581', 'available', 'service_on', 52.0034, 5.68093, 1710952669000),
('BQ0582', 'unavailable', 'in warehouse', 52.0253, 5.65098, 1709382129000),
('BQ0583', 'unavailable', 'in warehouse', 52.0713, 4.28365, 1703338141000),
('BQ0587', 'unavailable', 'service_on', 52.0788, 4.32342, 1711010133000),
('BQ0588', 'unavailable', 'in warehouse', 52.0705, 4.28265, 1710331819000),
('BQ0589', 'unavailable', 'in warehouse', 52.1063, 4.28042, 1709820031000),
('BQ0592', 'unavailable', 'unknown', 52.0786, 4.32355, 1708608328000),
('BQ0999', 'unavailable', 'service_on', 51.0566, 3.73991, 1710222198000),
('BQ1000', 'unavailable', 'service_on', 51.911, 4.50141, 1707941481000),
('BQ1001', 'unavailable', 'service_on', 51.0564, 3.74011, 1710229906000),
('BQ1002', 'unavailable', 'in warehouse', 51.0699, 3.69031, 1710238265000),
('BQ1003', 'unavailable', 'in warehouse', 51.9172, 4.4732, 1708522653000),
('BQ1004', 'unavailable', 'in warehouse', 51.0731, 3.70514, 1710238970000),
('BQ1005', 'unavailable', 'in warehouse', 52.0413, 5.6441, 1707725933000),
('BQ1006', 'unavailable', 'in warehouse', 52.3725, 4.85656, 1705330320000),
('BQ1007', 'unavailable', 'in warehouse', 51.9337, 4.45777, 1708506144000),
('BQ1009', 'unavailable', 'service_on', 51.058, 3.71948, 1710223854000),
('BQ1010', 'unavailable', 'service_on', 51.0437, 3.70226, 1710225532000),
('BQ1011', 'unavailable', 'service_on', 51.0566, 3.73991, 1710222252000),
('BQ1012', 'unavailable', 'in warehouse', 51.9572, 4.49107, 1709728575000),
('BQ1013', 'unavailable', 'service_on', 51.0467, 3.71912, 1710231998000),
('BQ1014', 'unavailable', 'in warehouse', 51.9474, 4.48491, 1708948892000),
('BQ1017', 'unavailable', 'in warehouse', 52.0274, 5.67162, 1706270481000),
('BQ1018', 'unavailable', 'service_on', 51.0298, 3.72851, 1710226850000),
('BQ1019', 'unavailable', 'in warehouse', 51.0633, 3.71621, 1710234864000),
('BQ1020', 'unavailable', 'in warehouse', 51.0546, 3.7143, 1706792071000),
('BQ1021', 'unavailable', 'service_on', 51.0545, 3.70881, 1710224321000),
('BQ1022', 'unavailable', 'in warehouse', 51.0315, 3.7138, 1710226131000),
('BQ1024', 'unavailable', 'in warehouse', 51.9555, 4.45513, 1709215799000),
('BQ1025', 'unavailable', 'service_on', 51.0561, 3.73308, 1710230308000),
('BQ1028', 'unavailable', 'service_on', 51.0566, 3.73991, 1710222224000),
('BQ1029', 'unavailable', 'in warehouse', 51.9192, 4.47248, 1709718825000),
('BQ1031', 'unavailable', 'in warehouse', 51.0614, 3.75968, 1704564060000),
('BQ1032', 'in ride', '', 51.9335, 4.46258, 1710886684000),
('BQ1033', 'unavailable', 'in warehouse', 52.3527, 4.94296, 1699183190000),
('BQ1036', 'unavailable', 'in warehouse', 52.0252, 5.65029, 1709382088000),
('BQ1037', 'unavailable', 'service_on', 51.0537, 3.71887, 1710223547000),
('BQ1038', 'unavailable', 'service_on', 51.0632, 3.73317, 1710229518000),
('BQ1039', 'unavailable', 'in warehouse', 51.0574, 3.7253, 1710233763000),
('BQ1040', 'unavailable', 'service_on', 51.0462, 3.7225, 1710231795000),
('BQ1041', 'unavailable', 'in warehouse', 51.0592, 3.73033, 1710234041000),
('BQ1042', 'unavailable', 'in warehouse', 51.9556, 4.45528, 1709216035000),
('BQ1043', 'unavailable', 'in warehouse', 51.9227, 4.46092, 1708512609000),
('BQ1045', 'unavailable', 'in warehouse', 52.0252, 5.65105, 1709378758000),
('Test', 'available', 'service_on', 0, 0, 1702568109000);

-- --------------------------------------------------------

--
-- Table structure for table `open_issues`
--

CREATE TABLE `open_issues` (
  `id` int(6) UNSIGNED NOT NULL,
  `name` varchar(255) NOT NULL,
  `title` varchar(255) DEFAULT NULL,
  `content` text DEFAULT NULL
) ENGINE=InnoDB DEFAULT CHARSET=utf8mb4 COLLATE=utf8mb4_general_ci;

--
-- Dumping data for table `open_issues`
--

INSERT INTO `open_issues` (`id`, `name`, `title`, `content`) VALUES
(17461, 'BQ0152', 'Powunity issue wrong location possible dead battery  currently @ Nassaukade', '\n08/01/2022 11:17: Mert updated issue, with status <b>Urgent</b>'),
(17463, 'BQ0172', 'Powunity issue wrong location possible dead battery  currently @ Nassaukade', '\n08/01/2022 11:18: Mert updated issue, with status <b>Urgent</b>'),
(17516, 'BQ0152', 'Stolen', '\n08/01/2022 08:56: Souren Arakelian updated issue, with status <b>Urgent</b>'),
(17518, 'BQ0172', 'Stolen', '\n08/01/2022 08:57: Souren Arakelian updated issue, with status <b>Urgent</b>'),
(17799, 'BQ0016', 'Bakhoes ringen kapot', ''),
(25481, 'BQ0016', 'Stuur richting links', ''),
(26748, 'BQ0016', 'Powunity  Not Charging (Bring to WH)', ''),
(27284, 'BQ0016', 'Frame beschadigd &#8211; tota lloss', ''),
(38033, 'ECO006 (Swap DH)', 'Onderhoud', ''),
(38940, 'BQ0029', 'Not at JR/PU locations.', '20/06/2022 11:16: Mert updated issue, with status <b>Open</b>\r\n\r\nUnable to find. Contact rider and ask location.\r\n20/06/2022 04:29: Mert updated issue, with status <b>Open</b>\r\n\r\nE-mail sent to rider 6944 asking location. Awaiting reply.\r\n21/06/2022 08:17: Mert updated issue, with status <b>Open</b>\r\n21/06/2022 10:24: Mert updated issue, with status <b>Urgent</b>\r\n\r\n<b>Bike not in area. Not at achillesstraat.</b>\r\n\r\n<b></b>\n21/06/2022 04:54: Sven Velthuis updated issue, with status <b>Urgent</b>'),
(39173, 'BQ0022', 'Check battery level', ''),
(40088, 'BQ0018', 'Check e-assist (rider: does not turn on)', ''),
(58557, 'BQ0558', 'Possible in the water', ''),
(74739, 'BQ1034', 'Check remmen', ''),
(74940, 'BQ1034', 'Wiel kapot', ''),
(75018, 'BQ1034', 'Beschadigd at Frans van Ryhovelaan 17', ''),
(75283, 'BQ0056', 'Stuur trekt naar rechts', ''),
(75556, 'BQ0056', 'Stuur recht, maar voorvork lijkt scheef', ''),
(80263, 'BQ0057', 'Mist sticker zijkant', '\n06/07/2023 16:27: Sven Velthuis updated issue, with status <b>Open</b>'),
(83116, 'BQ0217', 'vervang bakstickers', ''),
(84263, 'BQ0205', 'Sticker bak laat los', ''),
(85438, 'BQ0503', '2 baqme logo stickers voor plakken', ''),
(86453, 'ECO002', 'geen chainglider', ''),
(86454, 'ECO002', 'bij Tiler', ''),
(86523, 'BQ0514', 'stickers', ''),
(86822, 'BQ0203', 'Stickers', ''),
(87685, 'BQ0580', '250km maintenance BQ0580 (1895.45km)', 'Kilometres: 1895.45\r\nTighten bolt bents, tighten spokes, pump tires, clean\n28/01/2024 15:52: Sven Velthuis updated issue, with status <b>Urgent</b>'),
(87929, 'BQ0510', '250km maintenance BQ0510 (1819.34km)', 'Kilometres: 1819.34\r\nTighten bolt bents, tighten spokes, pump tires, clean\r\n09/02/2024 13:29: Solmaz updated issue, with status <b>Warehouse task</b>\n10/02/2024 17:33: Souren Arakelian updated issue, with status <b>Urgent</b>'),
(88030, 'ECO007', 'Frame used for BQ0157', ''),
(89066, 'BQ0590', 'Subcription cancelled. Pick up bike', '\n28/12/2023 12:31: Souren Arakelian updated issue, with status <b>Urgent</b>'),
(89724, 'ECO006', 'Frame used for BQ0066', ''),
(89728, 'ECO010', 'Frame used for BQ0079', ''),
(92527, 'BQ0574', 'Deployed', ''),
(92704, 'BQ0059', 'Tile', '\n27/12/2023 11:33: Eli de Haas updated issue, with status <b>Open</b>'),
(92740, 'BQ0202', 'non-actief', '28/12/2023 12:31: Souren Arakelian updated issue, with status <b>Urgent</b>\n29/12/2023 13:27: Souren Arakelian updated issue, with status <b>Open</b>'),
(92788, 'BQ0568', 'Geen tile', '\n24/12/2023 06:16: Sven Velthuis updated issue, with status <b>Open</b>'),
(92847, 'BQ0522', 'Geen Tile', ''),
(93138, 'BQ0025', 'motor doet niet', ''),
(93157, 'BQ0530', '250km maintenance BQ0530 (1970.87km)', 'Kilometres: 1970.87\r\nTighten bolt bents, tighten spokes, pump tires, clean\r\n09/02/2024 13:27: Solmaz updated issue, with status <b>Warehouse task</b>\n10/02/2024 17:34: Souren Arakelian updated issue, with status <b>Urgent</b>'),
(93326, 'BQ0511', 'Burned down', ''),
(93334, 'BQ0511', 'Roggeveenstraat 191', ''),
(93531, 'BQ1022', 'Monitor battery', ''),
(93568, 'BQ1009', 'Display blijft aan', ''),
(93588, 'BQ0502', '250km maintenance BQ0502 (1868.6km)', 'Kilometres: 1868.6\r\nTighten bolt bents, tighten spokes, pump tires, clean\n02/02/2024 07:08: Souren Arakelian updated issue, with status <b>Urgent</b>'),
(93786, 'BQ0224', 'Change lock for big battery', ''),
(100288, 'BQ0167', 'powunity', '\n04/02/2024 10:19: Eli de Haas updated issue, with status <b>Urgent</b>'),
(100827, 'BQ0540', 'powunity', ''),
(100829, 'BQ0509', 'Voorwiel loopt licht aan, check spatbord', ''),
(100830, 'BQ0509', 'Voorlicht krom', ''),
(100857, 'BQ0028', 'powunity', ''),
(100887, 'BQ0090', 'Bankje gebroken', ''),
(100905, 'BQ0580', 'Gears issue', ''),
(101120, 'BQ0502', 'Shimmy', 'Voorwiel trilt, stuurkogels dienen vervangen te worden.\r\n06/02/2024 09:12: SourenFleet updated issue, with status <b>Urgent</b>\n06/02/2024 09:14: SourenFleet updated issue, with status <b>Urgent</b>'),
(101143, 'BQ1014', 'accubak half los', '\n09/02/2024 08:05: Souren Arakelian updated issue, with status <b>Urgent</b>'),
(101194, 'BQ0167', 'Replace display', ''),
(101341, 'BQ0580', 'With Yeply', ''),
(101347, 'BQ0502', 'With Yeply', ''),
(101433, 'BQ0063', 'spatbord achter loopt aan', ''),
(101442, 'BQ0047', 'piept voor en achter, bij gelegenheid naar wh voor onderhoud', ''),
(101448, 'BQ0145', 'Stickers bak', ''),
(101456, 'BQ0092', 'Standaard', ''),
(101503, 'BQ0110', 'voorlicht stekkertje', ''),
(101662, 'BQ0585', 'Niet deployen, joyride accepteert slot niet', ''),
(101664, 'BQ0179', 'powunity', '\n12/02/2024 08:17: Souren Arakelian updated issue, with status <b>Urgent</b>'),
(101696, 'BQ0560', 'Soft/flat tire', ''),
(101712, 'BQ0206', 'Bankje los', ''),
(101716, 'BQ0234', 'Slot zit los', ''),
(101723, 'BQ0059', 'Kabel bij batterij houder vastzetten', '21/02/2024 16:08: Eli de Haas updated issue, with status <b>Open</b>\n21/02/2024 16:09: Eli de Haas updated issue, with status <b>Urgent</b>'),
(101733, 'BQ0137', 'Hoofddorp nodig', ''),
(101798, 'BQ0135', 'stuur krom', ''),
(101817, 'BQ1024', 'test', ''),
(101917, 'BQ0082', 'zadel los', ''),
(101921, 'BQ0263', 'bike in wh', ''),
(101922, 'BQ0263', 'kickstand', ''),
(101923, 'BQ0263', 'shimmy', ''),
(101941, 'BQ0167', 'In wh', ''),
(101956, 'BQ0234', 'In wh', ''),
(101958, 'BQ0059', 'In wh', ''),
(102276, 'BQ0177', 'Stuur vast maken', ''),
(102285, 'BQ0229', 'Dolly 1ste onderhoud gedaan', ''),
(102287, 'BQ0093', 'Dolly 1ste onderhoud gedaan', ''),
(102289, 'BQ0218', 'Dolly 1ste onderhoud gedaan', ''),
(102291, 'BQ0216', 'Dolly 1ste onderhoud gedaan', ''),
(102293, 'BQ0227', 'Dolly 1ste onderhoud gedaan', ''),
(102295, 'BQ0112', 'Dolly 1ste onderhoud gedaan', ''),
(102297, 'BQ0134', 'Dolly 1ste onderhoud gedaan', ''),
(102299, 'BQ0133', 'Dolly 1ste onderhoud gedaan', ''),
(102301, 'BQ0241', 'Dolly 1ste onderhoud gedaan', ''),
(102303, 'BQ0183', 'Dolly 1ste onderhoud gedaan', ''),
(102305, 'BQ0037', 'Dolly 1ste onderhoud gedaan', ''),
(102307, 'BQ0209', 'Dolly 1ste onderhoud gedaan', ''),
(102309, 'BQ0157', 'Dolly 1ste onderhoud gedaan', ''),
(102311, 'BQ0192', 'Dolly 1ste onderhoud gedaan', ''),
(102313, 'BQ0259', 'Dolly 1ste onderhoud gedaan', ''),
(102343, 'BQ0122', 'Graffiti', ''),
(102348, 'BQ0103', 'spatbord komt tegen voorwiel aan', '\n18/03/2024 11:41: Sven Velthuis updated issue, with status <b>Urgent</b>'),
(102366, 'BQ0070', 'Water in display', ''),
(102374, 'BQ0248', 'add new lock', ''),
(102375, 'BQ0248', 'add gps stickers and baqme', ''),
(102377, 'BQ0217', 'op gps', ''),
(102394, 'BQ0103', '1st maintenance', '');

-- --------------------------------------------------------

--
-- Table structure for table `vehicles`
--

CREATE TABLE `vehicles` (
  `id` varchar(64) NOT NULL,
  `title` varchar(256) NOT NULL,
  `stat` varchar(256) DEFAULT NULL,
  `content` varchar(4096) DEFAULT NULL,
  `created` varchar(256) DEFAULT NULL,
  `last_modified` varchar(256) DEFAULT NULL,
  `edit_lock` varchar(256) DEFAULT NULL,
  `edit_last` varchar(256) DEFAULT NULL,
  `tracker` varchar(256) DEFAULT NULL,
  `vehicletype` varchar(256) DEFAULT NULL,
  `adjust` varchar(256) DEFAULT NULL,
  `fleet` varchar(256) DEFAULT NULL,
  `last_maintenance` varchar(256) DEFAULT NULL,
  `last_report` varchar(256) DEFAULT NULL,
  `deploy` varchar(256) DEFAULT NULL,
  `b2blocation` varchar(256) DEFAULT NULL,
  `b2blocation_coordinates` varchar(256) DEFAULT NULL,
  `sleutelcode` varchar(256) DEFAULT NULL,
  `station_based` varchar(256) DEFAULT NULL,
  `project` varchar(256) DEFAULT NULL,
  `special_project_desc` varchar(4096) DEFAULT NULL,
  `lastpump` varchar(256) DEFAULT NULL,
  `station_coords` varchar(256) DEFAULT NULL,
  `yeply` varchar(256) DEFAULT NULL
) ENGINE=InnoDB DEFAULT CHARSET=utf8mb4 COLLATE=utf8mb4_general_ci;

--
-- Dumping data for table `vehicles`
--

INSERT INTO `vehicles` (`id`, `title`, `stat`, `content`, `created`, `last_modified`, `edit_lock`, `edit_last`, `tracker`, `vehicletype`, `adjust`, `fleet`, `last_maintenance`, `last_report`, `deploy`, `b2blocation`, `b2blocation_coordinates`, `sleutelcode`, `station_based`, `project`, `special_project_desc`, `lastpump`, `station_coords`, `yeply`) VALUES
('101903', 'BQ0300', 'publish', '', '1708950704', '1710768334', '1710764591:1', '1', 'tracefy', 'dolly', '', 'b2b', '', '', '0', 'BOOST / Statenweg 6a, Rotterdam / Eva van Steijn', '', '', '0', '', '', '', '', '1'),
('101904', 'BQ0308', 'publish', '', '1708950832', '1710768359', '1710764616:1', '1', 'tracefy', 'dolly', '', 'b2b', '', '', '0', 'BASIC / Stadhoudersplein 66, Rotterdam / Jeltje Meijvogel', '', '', '0', '', '', '', '', '1'),
('101905', 'BQ0301', 'publish', '', '1708950943', '1710768260', '1710764538:1', '1', 'tracefy', 'dolly', '', 'b2b', '', '', '0', 'BOOST / Jonker Fransstraat 64A, Rotterdam / Petra de Jager', '', '', '0', '', '', '', '', '1'),
('101906', 'BQ0305', 'publish', '', '1708950998', '1710768293', '1710764549:1', '1', 'tracefy', 'dolly', '', 'b2b', '', '', '0', 'Light / Essenburgstraat 37A, Rotterdam / Daleen Bloemers / 0640759521', '', '', '0', '', '', '', '', '1'),
('101907', 'BQ0309', 'publish', '', '1708951073', '1710768214', '1710764472:1', '1', 'tracefy', 'dolly', '', 'b2b', '', '', '0', 'BOOST / Shamil Kerimov / +31627859674 / Jufferkade 90 RTM', '', '', '0', '', '', '', '', '1'),
('101908', 'BQ0310', 'publish', '', '1708951133', '1710768382', '1710764641:1', '1', 'tracefy', 'dolly', '', 'b2b', '', '', '0', 'BOOST / Ommoordsestraat 28, Rotterdam / Anil', '', '', '0', '', '', '', '', '1'),
('101909', 'BQ0311', 'publish', '', '1708951268', '1710767949', '1710764458:1', '1', 'tracefy', 'dolly', '', 'b2b', '', '', '0', 'BOOST RAIN/ Frederikstraat 551, Den Haag / Merel / 0615321024', '', '', '0', '', '', '', '', '1'),
('101910', 'BQ0313', 'publish', '', '1708951319', '1710767929', '1710764196:1', '1', 'tracefy', 'dolly', '', 'b2b', '', '', '0', 'BOOST / Roggekamp 88, Den Haag / Irene / 0647152640', '', '', '0', '', '', '', '', '1'),
('101911', 'BQ0314', 'publish', '', '1708951369', '1710768234', '1710764493:1', '1', 'tracefy', 'dolly', '', 'b2b', '', '', '0', 'BOOST / Gooilaan 87, Den Haag / Esther Langen', '', '', '0', '', '', '', '', '1'),
('101912', 'BQ0312', 'publish', '', '1708951426', '1710768224', '1710764482:1', '1', 'tracefy', 'dolly', '', 'b2b', '', '', '0', 'LIGHT / Zamenhofstraat 48C, Den Haag / Tom Groot', '', '', '0', '', '', '', '', '1'),
('101913', 'BQ0307', 'publish', '', '1708955359', '1710768370', '1710764628:1', '1', 'tracefy', 'dolly', '', 'b2b', '', '', '0', 'BOOST RAIN / Koenenstraat 10, Rotterdam / Diana de Brito', '', '', '0', '', '', '', '', '1'),
('101914', 'BQ0315', 'publish', '', '1708956562', '1710768306', '1710764562:1', '1', 'tracefy', 'dolly', '', 'b2b', '', '', '0', 'LIGHT / Laan op Zuid 282, Rotterdam / Alex Kersten ', '', '', '0', '', '', '', '', '1'),
('101924', 'BQ0302', 'publish', '', '1709031577', '1710768248', '1710764529:1', '1', 'tracefy', 'dolly', '', 'b2b', '', '', '0', 'BOOST RAIN / Malakkastraat 129, Den Haag / Maurice / 0626624877', '', '', '0', '', '', '', '', '1'),
('101925', 'BQ0306', 'publish', '', '1709035034', '1710768404', '1710764663:1', '1', 'tracefy', 'dolly', '', 'b2b', '', '', '0', 'BOOST RAIN / Lucas Munichstraat 102, Gent / Eugenie', '', '', '0', '', '', '', '', '1'),
('102115', 'BQ0316', 'publish', '', '1709653978', '1710330859', '1710764578:1', '2', 'tracefy', 'dolly', '', 'b2b', '', '', '0', 'BOOST RAIN / Alberdingk Thijmstraat 1, Amsterdam / Elis', '', '', '0', '', '', '', '', NULL),
('102116', 'BQ0317', 'publish', '', '1709654048', '1710768394', '1710764651:1', '1', 'tracefy', 'dolly', '', 'b2b', '', '', '0', 'BOOST RAIN / Straatweg 129, Rotterdam / Claris Schoen', '', '', '0', '', '', '', '', '1'),
('102117', 'BQ0318', 'publish', '', '1709654079', '1710768345', '1710764601:1', '1', 'tracefy', 'dolly', '', 'b2b', '', '', '0', 'BOOST / WijkEnergieWerkt / Van Aerssenlaan 25, Rotterdam / Josee', '', '', '0', '', '', '', '', '1'),
('102155', 'BQ0303', 'publish', '', '1709808193', '1710768417', '1710764673:1', '1', 'tracefy', 'dolly', '', 'b2b', '', '', '0', 'BASIC / Kleiweg 443, Rotterdam / Nanke Hofstra', '', '', '0', '', '', '', '', '1'),
('10497', 'BQ0166', 'publish', '', '1635792575', '1710768588', '1710764845:1', '1', 'tracefy', 'dolly', '0', 'ede', '', '101998', '0', 'EDE', '', '', '1', '', '', '1706950488', '52.006740383014865, 5.667670742927421', '1'),
('10499', 'BQ0168', 'publish', '', '1635792589', '1636215693', '1636212093:2', '2', 'powunity', 'babboe-city', '', 'rotterdam', '1918.59', '101479', '', NULL, NULL, NULL, NULL, NULL, NULL, '1706803564', NULL, NULL),
('10500', 'BQ0169', 'publish', '', '1635792596', '1636215700', '1636212100:2', '2', 'powunity', 'babboe-city', '', 'rotterdam', '2587.72', '101546', '', NULL, NULL, NULL, NULL, NULL, NULL, '1703418964', NULL, NULL),
('10502', 'BQ0171', 'publish', '', '1635792613', '1636215713', '1636212113:2', '2', 'powunity', 'babboe-city', '', 'rotterdam', '2017', '101393', '', NULL, NULL, NULL, NULL, NULL, NULL, '1703754726', NULL, NULL),
('10506', 'BQ0175', 'publish', '', '1635792633', '1693914951', '1693907751:1', '1', 'powunity', 'babboe-city', '', 'rotterdam', '2732.53', '102356', '0', NULL, NULL, NULL, '0', '', '', '1704803821', '', NULL),
('10508', 'BQ0177', 'publish', '', '1635792642', '1710770893', '1710769238:1', '1', 'tracefy', 'dolly', '', 'rotterdam', '2442.97', '102274', '0', NULL, NULL, NULL, '0', '', '', '1708791475', '', '0'),
('11014', 'BQ0182', 'publish', '', '1636469350', '1709580031', '1709576332:1', '1', 'tracefy', 'dolly', '', 'rotterdam', '', '102254', '', NULL, NULL, NULL, '0', '', '', '1709576448', '', NULL),
('11015', 'BQ0183', 'publish', '', '1636469355', '1708794967', '1708791226:2', '2', 'tracefy', 'dolly', '', 'rotterdam', '1690.67', '102302', '', NULL, NULL, NULL, '0', '', '', '1708791512', '', NULL),
('11017', 'BQ0185', 'publish', '', '1636469367', '1636670751', '1636667151:2', '2', 'powunity', 'babboe-city', '', 'rotterdam', '2447.89', '101382', '', NULL, NULL, NULL, NULL, NULL, NULL, '1705822640', NULL, NULL),
('11018', 'BQ0186', 'publish', '', '1636469373', '1636722957', '1636719357:2', '2', 'powunity', 'babboe-city', '', 'rotterdam', '2424.57', '101653', '', NULL, NULL, NULL, NULL, NULL, NULL, '1705589560', NULL, NULL),
('11021', 'BQ0189', 'publish', '', '1636469391', '1636729007', '1636725407:2', '2', 'powunity', 'babboe-city', '', 'rotterdam', '1133.39', '101622', '', NULL, NULL, NULL, NULL, NULL, NULL, '1705943695', NULL, NULL),
('11023', 'BQ0191', 'publish', '', '1636469405', '1636894924', '1636891324:2', '2', 'powunity', 'babboe-city', '', 'rotterdam', '2124.45', '101007', '', NULL, NULL, NULL, NULL, NULL, NULL, '1703166729', NULL, NULL),
('11024', 'BQ0192', 'publish', '', '1636469410', '1708795984', '1708792241:2', '2', 'tracefy', 'dolly', '', 'rotterdam', '4537.21', '102310', '', '', '', '265656', '0', '', '', '1708793097', '', NULL),
('11026', 'BQ0194', 'publish', '', '1636469420', '1710768526', '1710764784:1', '1', 'tracefy', 'dolly', '', 'ede', '', '102025', '0', NULL, NULL, NULL, '1', '', '', '', '52.025320475874835, 5.650935039949377', '1'),
('11027', 'BQ0195', 'publish', '', '1636469429', '1636894909', '1636891309:2', '2', 'powunity', 'babboe-city', '', 'rotterdam', '2345.49', '101719', '', NULL, NULL, NULL, NULL, NULL, NULL, '1706195897', NULL, NULL),
('11028', 'BQ0196', 'publish', '', '1636469434', '1636894906', '1636891306:2', '2', 'powunity', 'babboe-city', '', 'rotterdam', '2610.12', '102346', '', NULL, NULL, NULL, NULL, NULL, NULL, '1703671508', NULL, NULL),
('11029', 'BQ0197', 'publish', '', '1636469439', '1693690649', '1693683449:1', '1', 'powunity', 'babboe-city', '', 'rotterdam', '1518.32', '101659', '', NULL, NULL, NULL, '0', '', '', '1702481559', '', NULL),
('11034', 'BQ0201', 'publish', '', '1636469465', '1636894881', '1636891281:2', '2', 'powunity', 'babboe-city', '', 'rotterdam', '2813.89', '101523', '', NULL, NULL, NULL, NULL, NULL, NULL, '1701683302', NULL, NULL),
('11038', 'BQ0205', 'publish', '', '1636469482', '1636894759', '1636891159:2', '2', 'powunity', 'babboe-city', '', 'rotterdam', '2491.11', '101627', '', NULL, NULL, NULL, NULL, NULL, NULL, '1706692070', NULL, NULL),
('11040', 'BQ0207', 'publish', '', '1636469490', '1636894747', '1636891147:2', '2', 'powunity', 'babboe-city', '', 'rotterdam', '2458.9', '101658', '', NULL, NULL, NULL, NULL, NULL, NULL, '1705484880', NULL, NULL),
('11041', 'BQ0208', 'publish', '', '1636469494', '1636894744', '1636891144:2', '2', 'powunity', 'babboe-city', '', 'rotterdam', '2580.45', '101619', '', NULL, NULL, NULL, NULL, NULL, NULL, '1705659553', NULL, NULL),
('11042', 'BQ0209', 'publish', '', '1636469498', '1709579145', '1709575447:1', '1', 'tracefy', 'dolly', '', 'rotterdam', '', '102306', '', NULL, NULL, NULL, '0', '', '', '1709575465', '', NULL),
('11043', 'BQ0210', 'publish', '', '1636469504', '1636894737', '1636891137:2', '2', 'powunity', 'babboe-city', '', 'rotterdam', '2272.03', '101731', '', NULL, NULL, NULL, NULL, NULL, NULL, '1705497780', NULL, NULL),
('11044', 'BQ0211', 'publish', '', '1636469508', '1693915092', '1693907892:1', '1', 'powunity', 'babboe-city', '', 'rotterdam', '2854.89', '101740', '', NULL, NULL, NULL, '0', '', '', '1704798758', '', NULL),
('11046', 'BQ0213', 'publish', '', '1636469517', '1636894722', '1641308131:4', '2', 'powunity', 'babboe-city', '', 'rotterdam', '2565.37', '101642', '', NULL, NULL, NULL, NULL, NULL, NULL, '1703403064', NULL, NULL),
('2008', 'BQ0047', 'publish', '', '1622471223', '1693915022', '1693907822:1', '1', 'powunity', 'babboe-city', '', 'rotterdam', '3803.33', '101743', '0', NULL, NULL, NULL, '0', '', '', '1704886670', '', NULL),
('2011', 'BQ0049', 'publish', '', '1622471277', '1641311870', '1641311366:14', '14', 'powunity', 'babboe-city', '', 'rotterdam', '518.9', '101644', '', NULL, NULL, NULL, NULL, NULL, NULL, '1704020135', NULL, NULL),
('2013', 'BQ0051', 'publish', '', '1622471290', '1707238339', '1707234739:1', '1', 'powunity', 'babboe-city', '1500', 'rotterdam', '2973.23', '102337', '', NULL, NULL, NULL, NULL, NULL, NULL, '1704451570', NULL, NULL),
('2019', 'BQ0057', 'publish', '', '1622471326', '1622471326', '1622471182:1', '1', 'powunity', 'babboe-city', NULL, NULL, '1425.88', '101750', '', NULL, NULL, NULL, NULL, NULL, NULL, '1705573586', NULL, NULL),
('21602', 'BQ0131', 'publish', '', '1643908257', '1650578786', '1650789984:2', '2', 'powunity', 'babboe-city', '', 'rotterdam', '2231.7', '101553', '', NULL, NULL, NULL, NULL, NULL, NULL, '1704717315', NULL, NULL),
('21604', 'BQ0133', 'publish', '', '1643908316', '1709579369', '1709576088:1', '1', 'tracefy', 'dolly', '', 'rotterdam', '', '102385', '', NULL, NULL, NULL, '0', '', '', '1709671458', '', NULL),
('21605', 'BQ0134', 'publish', '', '1643915493', '1709578095', '1709574373:1', '1', 'tracefy', 'dolly', '', 'rotterdam', '', '102296', '', NULL, NULL, NULL, '0', '', '', '1709574518', '', NULL),
('21621', 'BQ0137', 'publish', '', '1643915520', '1650977695', '1650970716:2', '2', 'powunity', 'babboe-city', '', 'rotterdam', '2174.79', '101734', '', NULL, NULL, NULL, NULL, NULL, NULL, '1706083367', NULL, NULL),
('21622', 'BQ0138', 'publish', '', '1643915528', '1650977658', '1650970458:2', '2', 'powunity', 'babboe-city', '', 'rotterdam', '22546.15', '101706', '', NULL, NULL, NULL, NULL, NULL, NULL, '1703767103', NULL, NULL),
('21623', 'BQ0139', 'publish', '', '1643915536', '1681835320', '1681827981:1', '1', 'powunity', 'babboe-city', '1200', 'rotterdam', '2266.59', '102361', '', NULL, NULL, NULL, NULL, NULL, NULL, '1706966509', NULL, NULL),
('21624', 'BQ0140', 'publish', '', '1643915548', '1650977937', '1650970821:2', '2', 'powunity', 'babboe-city', '', 'rotterdam', '2097.4', '100699', '', NULL, NULL, NULL, NULL, NULL, NULL, '1705425489', NULL, NULL),
('21625', 'BQ0141', 'publish', '', '1643915558', '1651430581', '1651423241:2', '2', 'powunity', 'babboe-city', '', 'rotterdam', '2287.7', '102328', '', NULL, NULL, NULL, NULL, NULL, NULL, '1704800794', NULL, NULL),
('21628', 'BQ0144', 'publish', '', '1643915578', '1651397982', '1651390647:2', '2', 'powunity', 'babboe-city', '', 'rotterdam', '2654.81', '102333', '', NULL, NULL, NULL, NULL, NULL, NULL, '1704210266', NULL, NULL),
('21631', 'BQ0147', 'publish', '', '1643915599', '1652272247', '1652265035:2', '2', 'powunity', 'babboe-city', '', 'rotterdam', '2147.08', '102332', '', NULL, NULL, NULL, NULL, NULL, NULL, '1705823991', NULL, NULL),
('21634', 'BQ0150', 'publish', '', '1643915621', '1650578716', '1650571532:2', '2', 'powunity', 'babboe-city', '', 'rotterdam', '1598.79', '102327', '', NULL, NULL, NULL, NULL, NULL, NULL, '1704800146', NULL, NULL),
('21635', 'BQ0216', 'publish', '', '1643915634', '1708796071', '1708792329:2', '2', 'tracefy', 'dolly', '', 'rotterdam', '2090.66', '102290', '', NULL, NULL, NULL, '0', '', '', '1706797771', '', NULL),
('21636', 'BQ0217', 'publish', '', '1643915640', '1644593733', '1644590133:2', '2', 'powunity', 'babboe-city', '', 'rotterdam', '2028.31', '102376', '', NULL, NULL, NULL, NULL, NULL, NULL, '1704028189', NULL, NULL),
('21637', 'BQ0218', 'publish', '', '1643915645', '1709676108', '1709672368:2', '2', 'tracefy', 'dolly', '', 'rotterdam', '1472.71', '102288', '0', NULL, NULL, NULL, '0', '', '', '1706698022', '', NULL),
('21643', 'BQ0224', 'publish', '', '1643915674', '1644332855', '1644329255:2', '2', 'powunity', 'babboe-city', '', 'rotterdam', '2715.87', '102330', '', NULL, NULL, NULL, NULL, NULL, NULL, '1705413458', NULL, NULL),
('21645', 'BQ0226', 'publish', '', '1643915683', '1645480011', '1645476411:2', '2', 'powunity', 'babboe-city', '', 'rotterdam', '1980.62', '102352', '', NULL, NULL, NULL, NULL, NULL, NULL, '1703326250', NULL, NULL),
('21646', 'BQ0227', 'publish', '', '1643915687', '1709578306', '1709575293:1', '1', 'tracefy', 'dolly', '', 'rotterdam', '', '102387', '', NULL, NULL, NULL, '0', '', '', '1709574882', '', NULL),
('21648', 'BQ0229', 'publish', '', '1643915696', '1709579982', '1709576271:1', '1', 'tracefy', 'dolly', '', 'rotterdam', '', '102284', '', NULL, NULL, NULL, '0', '', '', '1709576399', '', NULL),
('21649', 'BQ0230', 'publish', '', '1643915703', '1644333299', '1644329699:2', '2', 'powunity', 'babboe-city', '', 'rotterdam', '1473.12', '101625', '', NULL, NULL, NULL, NULL, NULL, NULL, '1705476887', NULL, NULL),
('21651', 'BQ0232', 'publish', '', '1643915712', '1644337276', '1644333676:2', '2', 'powunity', 'babboe-city', '', 'rotterdam', '1992.73', '102360', '', NULL, NULL, NULL, NULL, NULL, NULL, '1700662579', NULL, NULL),
('21656', 'BQ0237', 'publish', '', '1643915734', '1709580092', '1709576385:1', '1', 'tracefy', 'dolly', '', 'rotterdam', '', '102315', '', NULL, NULL, NULL, '0', '', '', '1709576506', '', NULL),
('21660', 'BQ0241', 'publish', '', '1643915754', '1709578228', '1709574547:1', '1', 'tracefy', 'dolly', '', 'rotterdam', '', '102300', '', NULL, NULL, NULL, '0', '', '', '1709574642', '', NULL),
('21662', 'BQ0243', 'publish', '', '1643915763', '1648043038', '1648039308:2', '2', 'powunity', 'babboe-city', '', 'rotterdam', '1844.45', '101434', '', NULL, NULL, NULL, NULL, NULL, NULL, '1705573497', NULL, NULL),
('21665', 'BQ0246', 'publish', '', '1643915777', '1644428058', '1644428144:14', '14', 'powunity', 'babboe-city', '', 'rotterdam', '1864.61', '101641', '', NULL, NULL, NULL, NULL, NULL, NULL, '1706953247', NULL, NULL),
('21666', 'BQ0247', 'publish', '', '1643915782', '1644675688', '1644672088:2', '2', 'powunity', 'babboe-city', '', 'rotterdam', '2492.22', '102345', '', NULL, NULL, NULL, NULL, NULL, NULL, '1701877177', NULL, NULL),
('21667', 'BQ0248', 'publish', '', '1643915786', '1708796084', '1708792343:2', '2', 'tracefy', 'dolly', '0', 'rotterdam', '1769.17', '102373', '', NULL, NULL, NULL, '0', '', '', '1704712180', '', NULL),
('2475', 'BQ0060', 'publish', '', '1624010032', '1624010032', '1624009892:1', '1', 'powunity', 'babboe-city', NULL, NULL, '3012.22', '100867', '', NULL, NULL, NULL, NULL, NULL, NULL, '1706101842', NULL, NULL),
('2476', 'BQ0061', 'publish', '', '1624010041', '1708796050', '1708792308:2', '2', 'tracefy', 'dolly', '', 'rotterdam', '2996.52', '102384', '', NULL, NULL, NULL, '0', '', '', '1708796366', '', NULL),
('2478', 'BQ0063', 'publish', '', '1624010059', '1624010059', '1624009917:1', '1', 'powunity', 'babboe-city', NULL, NULL, '1496.41', '102335', '', NULL, NULL, NULL, NULL, NULL, NULL, '1706447840', NULL, NULL),
('2479', 'BQ0064', 'publish', '', '1624010066', '1624010066', '1624009923:1', '1', 'powunity', 'babboe-city', NULL, NULL, '3405.96', '101651', '', NULL, NULL, NULL, NULL, NULL, NULL, '1705487008', NULL, NULL),
('2480', 'BQ0065', 'publish', '', '1624010072', '1681835243', '1681827943:1', '1', 'powunity', 'babboe-city', '1962', 'rotterdam', '2948.3', '102314', '', NULL, NULL, NULL, NULL, NULL, NULL, '1705425156', NULL, NULL),
('2482', 'BQ0067', 'publish', '', '1624010086', '1693914987', '1693907787:1', '1', 'powunity', 'babboe-city', '', 'rotterdam', '2153.84', '101517', '', NULL, NULL, NULL, '0', '', '', '1707313427', '', NULL),
('2483', 'BQ0068', 'publish', '', '1624010092', '1624010092', '1625759127:1', '1', 'powunity', 'babboe-city', NULL, NULL, '3444.35', '102363', '', NULL, NULL, NULL, NULL, NULL, NULL, '1706095945', NULL, NULL),
('28883', 'BQ0501', 'publish', '', '1649000403', '1710768501', '1710764759:1', '1', 'tracefy', 'dolly', '', 'ede', '258.97', '102401', '0', NULL, NULL, NULL, '1', '', '', '1709372591', '52.00505962415652, 5.671922069054395', '1'),
('28889', 'BQ0503', 'publish', '', '1649000553', '1650471858', '1650464658:2', '2', 'powunity', 'babboe-city', '', 'denhaag', '2042.24', '101350', '', NULL, NULL, NULL, NULL, NULL, NULL, '1700756621', NULL, NULL),
('28891', 'BQ0505', 'publish', '', '1649000570', '1697460477', '1697453292:2', '2', 'powunity', 'babboe-city', '', 'denhaag', '1438.61', '93379', '', NULL, NULL, NULL, '1', '', '', '1704299030', '', NULL),
('28894', 'BQ0508', 'publish', '', '1649000623', '1693673340', '1693666002:1', '1', 'powunity', 'babboe-city', '', 'denhaag', '572.1', '93378', '', NULL, NULL, NULL, '1', '', '', '1704299015', '52.0571883,4.2533459', NULL),
('28895', 'BQ0509', 'publish', '', '1649000631', '1650471836', '1650464636:2', '2', 'powunity', 'babboe-city', '', 'denhaag', '1581.76', '101772', '', NULL, NULL, NULL, NULL, NULL, NULL, '1699889970', NULL, NULL),
('28898', 'BQ0512', 'publish', '', '1649000654', '1650471888', '1650464688:2', '2', 'powunity', 'babboe-city', '', 'denhaag', '1667.34', '101363', '', NULL, NULL, NULL, NULL, NULL, NULL, '1706006884', NULL, NULL),
('28899', 'BQ0513', 'publish', '', '1649000663', '1650471883', '1650464683:2', '2', 'powunity', 'babboe-city', '', 'denhaag', '1715.63', '100972', '', NULL, NULL, NULL, NULL, NULL, NULL, '1706016095', NULL, NULL),
('28904', 'BQ0517', 'publish', '', '1649000810', '1650467113', '1650459913:2', '2', 'powunity', 'babboe-city', '', 'denhaag', '2196.98', '101375', '', NULL, NULL, NULL, NULL, NULL, NULL, '1705588126', NULL, NULL),
('28905', 'BQ0592', 'publish', '', '1649000819', '1664364239', '1664357039:2', '2', 'powunity', 'babboe-city', '', 'denhaag', '1132.61', '95169', '', NULL, NULL, NULL, NULL, NULL, NULL, '1705583569', NULL, NULL),
('28906', 'BQ0519', 'publish', '', '1649000828', '1650467104', '1650459904:2', '2', 'powunity', 'babboe-city', '', 'denhaag', '2109.97', '100974', '', NULL, NULL, NULL, NULL, NULL, NULL, '1705574904', NULL, NULL),
('28908', 'BQ0266', 'publish', '', '1649000844', '1661285041', '1661277841:2', '2', 'powunity', 'babboe-city', '', 'rotterdam', '1482.76', '102336', '', NULL, NULL, NULL, NULL, NULL, NULL, '1706697684', NULL, NULL),
('28911', 'BQ0524', 'publish', '', '1649000865', '1693673443', '1693666118:1', '1', 'powunity', 'babboe-city', '', 'denhaag', '687.51', '101357', '', NULL, NULL, NULL, '1', '', '', '1702733278', '52.0606229,4.2521817', NULL),
('28917', 'BQ0530', 'publish', '', '1649000939', '1693673283', '1693665945:1', '1', 'powunity', 'babboe-city', '', 'denhaag', '2000.59', '94817', '0', NULL, NULL, NULL, '1', '', '', '1705565096', '52.0553338,4.2521228', NULL),
('28921', 'BQ0262', 'publish', '', '1649000967', '1661284960', '1661277760:2', '2', 'powunity', 'babboe-city', '', 'rotterdam', '2381.39', '101747', '', NULL, NULL, NULL, NULL, NULL, NULL, '1702730540', NULL, NULL),
('28925', 'BQ0538', 'publish', '', '1649000993', '1650715596', '1650708396:2', '2', 'powunity', 'babboe-city', '', 'denhaag', '2310.99', '101358', '', NULL, NULL, NULL, NULL, NULL, NULL, '1705569287', NULL, NULL),
('28930', 'BQ0543', 'publish', '', '1649001031', '1710768546', '1710764804:1', '1', 'tracefy', 'dolly', '', 'ede', '', '102403', '0', NULL, NULL, NULL, '1', '', '', '', '52.01899618552869, 5.662924637946433', '1'),
('28931', 'BQ0264', 'publish', '', '1649001037', '1661285002', '1661277802:2', '2', 'powunity', 'babboe-city', '', 'rotterdam', '2133.79', '102362', '', NULL, NULL, NULL, NULL, NULL, NULL, '1704799369', NULL, NULL),
('28934', 'BQ0547', 'publish', '', '1649001130', '1650715251', '1650708051:2', '2', 'powunity', 'babboe-city', '', 'denhaag', '1559.97', '100980', '', NULL, NULL, NULL, NULL, NULL, NULL, '1706011356', NULL, NULL),
('28937', 'BQ0551', 'publish', '', '1649001453', '1710768607', '1710764867:1', '1', 'tracefy', 'dolly', '', 'ede', '', '102234', '0', NULL, NULL, NULL, '1', '', '', '', '52.04155317751905, 5.644631207663206', '1'),
('28938', 'BQ0552', 'publish', '', '1649001460', '1710768536', '1710764794:1', '1', 'tracefy', 'dolly', '', 'ede', '', '102407', '0', NULL, NULL, NULL, '1', '', '', '', '52.04402461504086, 5.668499889665973', '1'),
('28940', 'BQ0265', 'publish', '', '1649001475', '1661285026', '1696405289:2', '2', 'powunity', 'babboe-city', '', 'rotterdam', '1967.11', '101751', '', NULL, NULL, NULL, NULL, NULL, NULL, '1703769215', NULL, NULL),
('28941', 'BQ0555', 'publish', '', '1649001482', '1703599258', '1703595659:2', '2', 'powunity', 'babboe-city', '', 'denhaag', '1881.95', '101766', '0', NULL, NULL, NULL, '0', '', '', '1706024261', '52.3949407,4.848097', NULL),
('28943', 'BQ0557', 'publish', '', '1649001500', '1651386361', '1651379161:2', '2', 'powunity', 'babboe-city', '', 'denhaag', '266.53', '101764', '', NULL, NULL, NULL, NULL, NULL, NULL, '1705580541', NULL, NULL),
('28949', 'BQ0563', 'publish', '', '1649001552', '1693673388', '1693666063:1', '1', 'powunity', 'babboe-city', '', 'denhaag', '1718.38', '101775', '0', NULL, NULL, NULL, '1', '', '', '1706005459', '52.0595299,4.2601317', NULL),
('28951', 'BQ0565', 'publish', '', '1649001566', '1710767432', '1710764727:1', '1', 'tracefy', 'dolly', '', 'ede', '', '102405', '0', NULL, NULL, NULL, '1', '', '', '', '52.02783614410675, 5.675063155922905', '1'),
('28954', 'BQ0569', 'publish', '', '1649001587', '1650703625', '1650696425:2', '2', 'powunity', 'babboe-city', '', 'denhaag', '894.97', '100841', '', NULL, NULL, NULL, NULL, NULL, NULL, '1706008903', NULL, NULL),
('28957', 'BQ0572', 'publish', '', '1649001612', '1710767918', '1710764176:1', '1', 'powunity', 'babboe-city', '', 'b2b', '4830.73', '93099', '0', 'BOOST / Pinkstraat 629, Den Haag / Linda Sala', '', '244621', '0', '', '', '', '', '1'),
('28959', 'BQ0574', 'publish', '', '1649001626', '1650704053', '1650696853:2', '2', 'powunity', 'babboe-city', '', 'denhaag', '2039.05', '101762', '', NULL, NULL, NULL, NULL, NULL, NULL, '1706607471', NULL, NULL),
('28960', 'BQ0575', 'publish', '', '1649001632', '1656359860', '1656352660:2', '2', 'powunity', 'babboe-city', '', 'denhaag', '1480.43', '100564', '', NULL, NULL, NULL, NULL, NULL, NULL, '1706019921', NULL, NULL),
('28961', 'BQ0576', 'publish', '', '1649001641', '1710768491', '1710764750:1', '1', 'tracefy', 'dolly', '', 'ede', '2198.53', '102408', '0', NULL, NULL, NULL, '1', '', '', '1709582989', '52.050607063385705, 5.630275521161546', '1'),
('28962', 'BQ0577', 'publish', '', '1649001648', '1650704064', '1650696864:2', '2', 'powunity', 'babboe-city', '', 'denhaag', '1756.97', '94972', '', NULL, NULL, NULL, NULL, NULL, NULL, '1705572842', NULL, NULL),
('28964', 'BQ0579', 'publish', '', '1650748328', '1650748328', '1650741051:14', '14', 'powunity', 'babboe-city', '', 'denhaag', '1710.27', '100968', '', NULL, NULL, NULL, NULL, NULL, NULL, '1706609498', NULL, NULL),
('28966', 'BQ0581', 'publish', '', '1649001677', '1710768556', '1710764815:1', '1', 'tracefy', 'dolly', '', 'ede', '0', '102400', '0', NULL, NULL, NULL, '1', '', '', '1706792610', '52.00338439156426, 5.680809482108865', '1'),
('28969', 'BQ0261', 'publish', '', '1649001699', '1710768577', '1710764836:1', '1', 'tracefy', 'dolly', '', 'ede', '2215.71', '102060', '0', NULL, NULL, NULL, '1', '', '', '1709581480', '52.02021422177463, 5.637382853328069', '1'),
('28972', 'BQ0587', 'publish', '', '1649001721', '1693673364', '1693666033:1', '1', 'powunity', 'babboe-city', '', 'denhaag', '1843.09', '100965', '', NULL, NULL, NULL, '1', '', '', '1706005813', '52.0595299,4.2601317', NULL),
('28977', 'BQ0259', 'publish', '', '1651680949', '1709213776', '1709210034:1', '1', 'tracefy', 'dolly', '', 'rotterdam', '1029.88', '102312', '0', NULL, NULL, NULL, '0', '', '', '1708850965', '', NULL),
('28980', 'BQ0252', 'publish', '', '1649001777', '1709579905', '1709576225:1', '1', 'tracefy', 'dolly', '', 'rotterdam', '', '102324', '', NULL, NULL, NULL, '0', '', '', '1709576320', '', NULL),
('28982', 'BQ0256', 'publish', '', '1649001793', '1652713650', '1652706450:2', '2', 'powunity', 'babboe-city', '', 'rotterdam', '1960.97', '102325', '', NULL, NULL, NULL, NULL, NULL, NULL, '1706524182', NULL, NULL),
('28984', 'BQ0257', 'publish', '', '1649001812', '1652714897', '1652707697:2', '2', 'powunity', 'babboe-city', '', 'rotterdam', '14198.44', '102397', '', NULL, NULL, NULL, NULL, NULL, NULL, '1707318903', NULL, NULL),
('28986', 'BQ0566', 'publish', '', '1649001869', '1702654593', '1702650857:2', '2', 'powunity', 'babboe-city', '', 'denhaag', '0.69', '101765', '', NULL, NULL, NULL, '0', '', '', '1702989729', '', NULL),
('3344', 'BQ0069', 'publish', '', '1625763286', '1681835516', '1681828321:1', '1', 'powunity', 'babboe-city', '510', 'rotterdam', '2072.73', '102370', '', NULL, NULL, NULL, NULL, NULL, NULL, '1703757120', NULL, NULL),
('3351', 'BQ0070', 'publish', '', '1625763476', '1634574741', '1634567420:2', '2', 'powunity', 'babboe-city', '', 'rotterdam', '2949.51', '102365', '', NULL, NULL, NULL, NULL, NULL, NULL, '1704031263', NULL, NULL),
('3354', 'BQ0071', 'publish', '', '1625763559', '1634574722', '1634567384:2', '2', 'powunity', 'babboe-city', '', 'rotterdam', '3215.29', '102358', '', NULL, NULL, NULL, NULL, NULL, NULL, '1703768233', NULL, NULL),
('3363', 'BQ0073', 'publish', '', '1625763679', '1645443997', '1645440856:1', '1', 'powunity', 'babboe-city', '', 'rotterdam', '3042.01', '101634', '', NULL, NULL, NULL, NULL, NULL, NULL, '1706628604', NULL, NULL),
('3364', 'BQ0074', 'publish', '', '1625763687', '1625763687', '1625763545:2', '2', 'powunity', 'babboe-city', '', 'rotterdam', '3080.07', '102329', '', NULL, NULL, NULL, NULL, NULL, NULL, '1706529458', NULL, NULL),
('3365', 'BQ0075', 'publish', '', '1625763694', '1681835363', '1681828025:1', '1', 'powunity', 'babboe-city', '1472', 'rotterdam', '2678.91', '101302', '', NULL, NULL, NULL, NULL, NULL, NULL, '1706780868', NULL, NULL),
('3366', 'BQ0076', 'publish', '', '1625763700', '1708796031', '1708792289:2', '2', 'tracefy', 'dolly', '', 'rotterdam', '2661.78', '102354', '', NULL, NULL, NULL, '0', '', '', '1708796325', '', NULL),
('3369', 'BQ0079', 'publish', '', '1625763763', '1704468374', '1704464970:2', '2', 'powunity', 'babboe-city', '', 'rotterdam', '7500', '102331', '', NULL, NULL, NULL, '0', '', '', '1704465129', '', NULL),
('36860', 'BQ1000', 'publish', '', '1654535371', '1689425061', '1710328031:2', '1', 'powunity', 'babboe-city', '', 'rotterdam', '726.92', '101717', '', NULL, NULL, NULL, '0', '', '', '1705659437', NULL, NULL),
('37105', 'BQ1032', 'publish', '', '1654690314', '1710331971', '1710328233:2', '2', 'powunity', 'babboe-city', '', 'rotterdam', '2117.4', '101720', '0', NULL, NULL, NULL, '0', '', '', '1705425853', '', NULL),
('37925', 'BQ0242', 'publish', '', '1655113038', '1699027980', '1699024241:1', '1', 'powunity', 'babboe-city', '', 'rotterdam', '6113.76', '101514', '', '', '', '554362', '0', '', '', '1707320261', '', NULL),
('3979', 'BQ0081', 'publish', '', '1626857789', '1652352067', '1652344931:14', '14', 'powunity', 'babboe-city', '', 'rotterdam', '2728.56', '101549', '', NULL, NULL, NULL, NULL, NULL, NULL, '1703769472', NULL, NULL),
('3983', 'BQ0085', 'publish', '', '1626857834', '1650797205', '1650790087:2', '2', 'powunity', 'babboe-city', '', 'rotterdam', '2302.01', '101617', '', NULL, NULL, NULL, NULL, NULL, NULL, '1704716943', NULL, NULL),
('3984', 'BQ0086', 'publish', '', '1626857844', '1652456074', '1652448752:2', '2', 'powunity', 'babboe-city', '', 'rotterdam', '3149.01', '101682', '', NULL, NULL, NULL, NULL, NULL, NULL, '1707564488', NULL, NULL),
('3986', 'BQ0088', 'publish', '', '1626857860', '1650642212', '1650790180:2', '2', 'powunity', 'babboe-city', '', 'rotterdam', '1843.07', '101645', '', NULL, NULL, NULL, NULL, NULL, NULL, '1705421622', NULL, NULL),
('3989', 'BQ0091', 'publish', '', '1626857893', '1651419220', '1651411878:2', '2', 'powunity', 'babboe-city', '', 'rotterdam', '2022.59', '102338', '', NULL, NULL, NULL, NULL, NULL, NULL, '1703597304', NULL, NULL),
('3991', 'BQ0093', 'publish', '', '1626857909', '1709579846', '1709576147:1', '1', 'tracefy', 'dolly', '', 'rotterdam', '', '102286', '', NULL, NULL, NULL, '0', '', '', '1709576268', '', NULL),
('6002', 'BQ0095', 'publish', '', '1630754107', '1652130397', '1652123056:2', '2', 'powunity', 'babboe-city', '', 'rotterdam', '2367.4', '102367', '', NULL, NULL, NULL, NULL, NULL, NULL, '1703404782', NULL, NULL),
('6004', 'BQ0097', 'publish', '', '1630754137', '1709578035', '1709574307:1', '1', 'tracefy', 'dolly', '', 'rotterdam', '0', '102386', '', '', '', '', '0', '', '', '1709574439', '', NULL),
('6005', 'BQ0098', 'publish', '', '1630754144', '1651401467', '1651394130:2', '2', 'powunity', 'babboe-city', '', 'rotterdam', '3183.6', '101704', '', NULL, NULL, NULL, NULL, NULL, NULL, '1700054743', NULL, NULL),
('6006', 'BQ0099', 'publish', '', '1630754153', '1651397966', '1651390625:2', '2', 'powunity', 'babboe-city', '', 'rotterdam', '2516.42', '101623', '', NULL, NULL, NULL, NULL, NULL, NULL, '1704711294', NULL, NULL),
('6007', 'BQ0100', 'publish', '', '1630754160', '1652272227', '1652264888:2', '2', 'powunity', 'babboe-city', '', 'rotterdam', '2694.74', '101737', '', NULL, NULL, NULL, NULL, NULL, NULL, '1703408735', NULL, NULL),
('6008', 'BQ0101', 'publish', '', '1630754167', '1651413834', '1651406491:2', '2', 'powunity', 'babboe-city', '', 'rotterdam', '2606.6', '101559', '', NULL, NULL, NULL, NULL, NULL, NULL, '1706687508', NULL, NULL),
('6009', 'BQ0102', 'publish', '', '1630754174', '1710768480', '1710764739:1', '1', 'tracefy', 'dolly', '', 'ede', '0', '102406', '0', NULL, NULL, NULL, '1', '', '', '1705404227', '52.034826318695465, 5.676589717724631', '1'),
('6010', 'BQ0103', 'publish', '', '1630754182', '1710768596', '1710764855:1', '1', 'tracefy', 'dolly', '', 'ede', '', '102402', '0', NULL, NULL, NULL, '1', '', '', '1709380963', '52.010607485903265, 5.678797289388213', '1'),
('6011', 'BQ0104', 'publish', '', '1630754189', '1650578815', '1650790099:2', '2', 'powunity', 'babboe-city', '', 'rotterdam', '2972.51', '102344', '', NULL, NULL, NULL, NULL, NULL, NULL, '1701686356', NULL, NULL),
('76362', 'BQ0304', 'publish', '', '1684927900', '1710768425', '1710764686:1', '1', 'tracefy', 'dolly', '', 'b2b', '', '', '0', 'BOOST RAIN / Molenlaan 98, Rotterdam / Sarah Larone Juneau', '', '', '0', '', '', '', '', '1'),
('771', 'BQ0027', 'publish', '', '1615553018', '1616750125', '1616749989:1', '1', 'none', 'babboe-city', NULL, NULL, '1094.79', '101475', '', NULL, NULL, NULL, NULL, NULL, NULL, '1704709730', NULL, NULL),
('79817', 'BQ0518', 'publish', '', '1688126473', '1693845207', '1693838050:1', '1', 'powunity', 'babboe-city', '', 'denhaag', '520.29', '101763', '0', NULL, NULL, NULL, '0', '', '', '1698920344', '', NULL),
('79823', 'BQ0542', 'publish', '', '1688126553', '1693845015', '1693837672:1', '1', 'powunity', 'babboe-city', '', 'denhaag', '335.01', '95051', '', NULL, NULL, NULL, '0', '', '', '1700753112', '', NULL),
('79825', 'BQ0550', 'publish', '', '1688126579', '1710768462', '1710764719:1', '1', 'tracefy', 'dolly', '', 'ede', '524.34', '102409', '0', NULL, NULL, NULL, '1', '', '', '', '52.050607063385705, 5.630275521161546', '1'),
('858', 'BQ0031', 'publish', '', '1616750192', '1616750192', '1616750076:1', '1', 'none', 'babboe-city', NULL, NULL, '2442.12', '101485', '', NULL, NULL, NULL, NULL, NULL, NULL, '1704210642', NULL, NULL),
('859', 'BQ0032', 'publish', '', '1616750213', '1693915046', '1693907846:1', '1', 'none', 'babboe-city', '', 'rotterdam', '2180.9', '101555', '', NULL, NULL, NULL, '0', '', '', '1705406753', '', NULL),
('860', 'BQ0033', 'publish', '', '1616750233', '1616750233', '1616750102:1', '1', 'none', 'babboe-city', NULL, NULL, '1567.37', '101482', '', NULL, NULL, NULL, NULL, NULL, NULL, '1700125276', NULL, NULL),
('861', 'BQ0034', 'publish', '', '1616750254', '1616750254', '1616750115:1', '1', 'none', 'babboe-city', NULL, NULL, '3143.54', '101639', '', NULL, NULL, NULL, NULL, NULL, NULL, '1703776687', NULL, NULL),
('862', 'BQ0035', 'publish', '', '1616750267', '1681835183', '1681827881:1', '1', 'none', 'babboe-city', '2316', 'rotterdam', '3264.89', '102340', '', NULL, NULL, NULL, NULL, NULL, NULL, '1706791833', NULL, NULL),
('864', 'BQ0037', 'publish', '', '1616750388', '1709676136', '1709672399:2', '2', 'tracefy', 'dolly', '', 'rotterdam', '', '102353', '0', NULL, NULL, NULL, '0', '', '', '1707986694', '', NULL),
('865', 'BQ0038', 'publish', '', '1616750448', '1616750448', '1624698248:2', '1', 'none', 'babboe-city', NULL, NULL, '3464.48', '101552', '', NULL, NULL, NULL, NULL, NULL, NULL, '1704008683', NULL, NULL),
('869', 'BQ0041', 'publish', '', '1616750512', '1616750512', '1624697967:2', '1', 'none', 'babboe-city', NULL, NULL, '2386.65', '102369', '', NULL, NULL, NULL, NULL, NULL, NULL, '1703763245', NULL, NULL),
('871', 'BQ0043', 'publish', '', '1616750533', '1629719659', '1629712352:2', '2', 'none', 'babboe-city', '310', 'rotterdam', '2982.58', '101736', '', NULL, NULL, NULL, NULL, NULL, NULL, '1705940585', NULL, NULL),
('9402', 'BQ0106', 'publish', '', '1634759672', '1652097983', '1652090641:2', '2', 'powunity', 'babboe-city', '', 'rotterdam', '1016.89', '101537', '', NULL, NULL, NULL, NULL, NULL, NULL, '1705826726', NULL, NULL),
('9404', 'BQ0108', 'publish', '', '1634759337', '1655829876', '1655822928:14', '14', 'powunity', 'babboe-city', '', 'rotterdam', '2445.89', '101749', '', NULL, NULL, NULL, NULL, NULL, NULL, '1704801106', NULL, NULL),
('9407', 'BQ0111', 'publish', '', '1634816925', '1650982206', '1650979059:2', '2', 'powunity', 'babboe-city', '', 'rotterdam', '2576.93', '101650', '', NULL, NULL, NULL, NULL, NULL, NULL, '1705423919', NULL, NULL),
('9408', 'BQ0112', 'publish', '', '1634758746', '1709578181', '1709574460:1', '1', 'tracefy', 'dolly', '', 'rotterdam', '', '102355', '', NULL, NULL, NULL, '0', '', '', '1709574586', '', NULL),
('9410', 'BQ0114', 'publish', '', '1634759691', '1709579209', '1709575586:1', '1', 'tracefy', 'dolly', '', 'rotterdam', '783.68', '102318', '', NULL, NULL, NULL, '0', '', '', '1709669880', '', NULL),
('9412', 'BQ0115', 'publish', '', '1634759715', '1655829834', '1655822634:14', '14', 'powunity', 'babboe-city', '', 'rotterdam', '2552.32', '101630', '', NULL, NULL, NULL, NULL, NULL, NULL, '1705930464', NULL, NULL),
('9416', 'BQ0119', 'publish', '', '1634758726', '1708796102', '1709215170:1', '2', 'tracefy', 'dolly', '', 'rotterdam', '0', '102339', '', NULL, NULL, NULL, '0', '', '', '1703173336', '', NULL),
('9418', 'BQ0121', 'publish', '', '1634833631', '1650808896', '1650801755:2', '2', 'powunity', 'babboe-city', '', 'rotterdam', '2431.93', '101533', '', NULL, NULL, NULL, NULL, NULL, NULL, '1706789045', NULL, NULL),
('9419', 'BQ0122', 'publish', '', '1634833642', '1707238355', '1707234755:1', '1', 'powunity', 'babboe-city', '', 'rotterdam', '2199.98', '102342', '0', NULL, NULL, NULL, '0', '', '', '1699089112', '', NULL),
('9421', 'BQ0124', 'publish', '', '1634808012', '1708794987', '1708791248:2', '2', 'tracefy', 'dolly', '', 'rotterdam', '2464.6', '102389', '', NULL, NULL, NULL, '0', '', '', '1708791583', '', NULL),
('9423', 'BQ0126', 'publish', '', '1634759769', '1710768567', '1710764825:1', '1', 'tracefy', 'dolly', '', 'ede', '', '102395', '0', NULL, NULL, NULL, '1', '', '', '1709377031', '52.003289268506315, 5.664084399866084', '1'),
('9424', 'BQ0127', 'publish', '', '1634833712', '1650797714', '1650790574:2', '2', 'powunity', 'babboe-city', '', 'rotterdam', '2812.81', '102326', '', NULL, NULL, NULL, NULL, NULL, NULL, '1706690847', NULL, NULL),
('9427', 'BQ0130', 'publish', '', '1634833618', '1650978040', '1650971374:2', '2', 'powunity', 'babboe-city', '', 'rotterdam', '2565.67', '102359', '', NULL, NULL, NULL, NULL, NULL, NULL, '1701688473', NULL, NULL),
('9430', 'BQ0153', 'publish', '', '1635424814', '1709580189', '1709632395:1', '1', 'tracefy', 'dolly', '', 'rotterdam', '', '102316', '', NULL, NULL, NULL, '0', '', '', '1709576615', '', NULL),
('9434', 'BQ0157', 'publish', '', '1635424751', '1708796002', '1708792262:2', '2', 'tracefy', 'dolly', '', 'rotterdam', '852.56', '102390', '', NULL, NULL, NULL, '0', '', '', '1708793262', '', NULL),
('9437', 'BQ0159', 'publish', '', '1635424786', '1635424786', '1635417444:2', '2', 'powunity', 'babboe-city', '', 'rotterdam', '2654.11', '101648', '', NULL, NULL, NULL, NULL, NULL, NULL, '1705659492', NULL, NULL),
('9438', 'BQ0160', 'publish', '', '1635424740', '1710768511', '1710764768:1', '1', 'tracefy', 'dolly', '', 'ede', '0', '102404', '0', NULL, NULL, NULL, '1', '', '', '', '52.02709540136189, 5.673365725490275', '1'),
('9439', 'BQ0161', 'publish', '', '1635424855', '1693914960', '1693907760:1', '1', 'powunity', 'babboe-city', '', 'rotterdam', '2455.5', '101483', '', NULL, NULL, NULL, '0', '', '', '1705931849', '', NULL);

-- --------------------------------------------------------

--
-- Table structure for table `wh_issues`
--

CREATE TABLE `wh_issues` (
  `id` int(6) UNSIGNED NOT NULL,
  `name` varchar(255) NOT NULL,
  `title` varchar(255) DEFAULT NULL,
  `content` text DEFAULT NULL
) ENGINE=InnoDB DEFAULT CHARSET=utf8mb4 COLLATE=utf8mb4_general_ci;

--
-- Dumping data for table `wh_issues`
--

INSERT INTO `wh_issues` (`id`, `name`, `title`, `content`) VALUES
(8486, 'BQ0061', '250km maintenance BQ0061 (510.64km)', 'Kilometres: 510.64\r\nTighten bolt bents, tighten spokes, pump tires, clean\r\n16/10/2021 07:04: Souren Arakelian updated issue, with status <b>On hold</b>\r\n16/02/2022 10:50: Mert updated issue, with status <b>Open</b>\n29/03/2022 12:32: Berenice van Gessel updated issue, with status <b>Warehouse task</b>'),
(20913, 'BQ0069', '250km maintenance BQ0069 (762.03km)', 'Kilometres: 762.03\r\nTighten bolt bents, tighten spokes, pump tires, clean\n29/03/2022 12:33: Berenice van Gessel updated issue, with status <b>Warehouse task</b>'),
(20915, 'BQ0009', '250km maintenance BQ0009 (770.89km)', 'Kilometres: 770.89\r\nTighten bolt bents, tighten spokes, pump tires, clean\n06/04/2022 10:10: Mert updated issue, with status <b>Warehouse task</b>'),
(23723, 'BQ0056', '250km maintenance BQ0056 (1095.94km)', 'Kilometres: 1095.94\r\nTighten bolt bents, tighten spokes, pump tires, clean\n29/03/2022 12:32: Berenice van Gessel updated issue, with status <b>Warehouse task</b>'),
(24319, 'BQ0021', '250km maintenance BQ0021 (1670.05km)', 'Kilometres: 1670.05\r\nTighten bolt bents, tighten spokes, pump tires, clean\n29/03/2022 12:27: Berenice van Gessel updated issue, with status <b>Warehouse task</b>'),
(24937, 'BQ0174', '250km maintenance BQ0174 (261.2km)', 'Kilometres: 261.2\r\nTighten bolt bents, tighten spokes, pump tires, clean\n29/03/2022 12:35: Berenice van Gessel updated issue, with status <b>Warehouse task</b>'),
(25549, 'BQ0211', '250km maintenance BQ0211 (258.48km)', 'Kilometres: 258.48\r\nTighten bolt bents, tighten spokes, pump tires, clean\n29/03/2022 12:39: Berenice van Gessel updated issue, with status <b>Warehouse task</b>'),
(25772, 'BQ0208', '250km maintenance BQ0208 (259.26km)', 'Kilometres: 259.26\r\nTighten bolt bents, tighten spokes, pump tires, clean\r\n29/03/2022 12:38: Berenice van Gessel updated issue, with status <b>Warehouse task</b>\r\n15/07/2022 10:03: Mert updated issue, with status <b>Urgent</b>\r\n16/07/2022 01:06: Papa Souren updated issue, with status <b>Open</b>\n01/08/2022 11:18: Sven Velthuis updated issue, with status <b>Warehouse task</b>'),
(26242, 'BQ0109', 'Voorframe onderbuis versteviging heeft aan de voorkant aan de rechterzijde roest op de las.', '11/03/2022 11:33: Marko Leer updated issue, with status <b>On hold</b>\n04/05/2022 09:14: Mert updated issue, with status <b>Warehouse task</b>'),
(26243, 'BQ0109', 'In de gaten houden of het aan de linker kant ook gebeurt!', '11/03/2022 11:34: Marko Leer updated issue, with status <b>On hold</b>\n04/05/2022 09:14: Mert updated issue, with status <b>Warehouse task</b>'),
(26551, 'TROJAN', '250km maintenance TROJAN (1152.59km)', 'Kilometres: 1152.59\r\nTighten bolt bents, tighten spokes, pump tires, clean\n01/04/2022 12:26: Mert updated issue, with status <b>Warehouse task</b>'),
(26864, 'BQ0164', '250km maintenance BQ0164 (250.56km)', 'Kilometres: 250.56\r\nTighten bolt bents, tighten spokes, pump tires, clean\n29/03/2022 12:34: Berenice van Gessel updated issue, with status <b>Warehouse task</b>'),
(27154, 'BQ0202', '250km maintenance BQ0202 (254.29km)', 'Kilometres: 254.29\r\nTighten bolt bents, tighten spokes, pump tires, clean\n01/04/2022 12:26: Mert updated issue, with status <b>Warehouse task</b>'),
(28275, 'BQ0185', '250km maintenance BQ0185 (274.08km)', 'Kilometres: 274.08\r\nTighten bolt bents, tighten spokes, pump tires, clean\n29/03/2022 12:35: Berenice van Gessel updated issue, with status <b>Warehouse task</b>'),
(29565, 'BQ0076', '250km maintenance BQ0076 (797.67km)', 'Kilometres: 797.67<br>Tighten bolt bents, tighten spokes, pump tires, clean'),
(29902, 'BQ0008', '250km maintenance BQ0008 (1324.13km)', 'Kilometres: 1324.13<br>Tighten bolt bents, tighten spokes, pump tires, clean'),
(30426, 'BQ0191', '250km maintenance BQ0191 (257.58km)', 'Kilometres: 257.58<br>Tighten bolt bents, tighten spokes, pump tires, clean'),
(31403, 'BQ0132', '250km maintenance BQ0132 (265.63km)', 'Kilometres: 265.63<br>Tighten bolt bents, tighten spokes, pump tires, clean'),
(31587, 'BQ0049', '250km maintenance BQ0049 (1736.6km)', 'Kilometres: 1736.6<br>Tighten bolt bents, tighten spokes, pump tires, clean'),
(31795, 'BQ0203', '250km maintenance BQ0203 (252.33km)', 'Kilometres: 252.33<br>Tighten bolt bents, tighten spokes, pump tires, clean'),
(32187, 'BQ0126', '250km maintenance BQ0126 (1012.78km)', 'Kilometres: 1012.78<br>Tighten bolt bents, tighten spokes, pump tires, clean'),
(32334, 'BQ0248', '250km maintenance BQ0248 (269.79km)', 'Kilometres: 269.79<br>Tighten bolt bents, tighten spokes, pump tires, clean'),
(32368, 'ECO001', 'Framenummer: UWSP5P0736', '04/05/2022 01:54: Souren Arakelian updated issue, with status <b>Fixed</b>\n10/11/2022 11:30: Souren Arakelian updated issue, with status <b>Warehouse task</b>'),
(32380, 'ECO012', 'Framenummer: AC2540873', '04/05/2022 01:25: Souren Arakelian updated issue, with status <b>Fixed</b>\n15/12/2022 01:03: Berenice van Gessel updated issue, with status <b>Warehouse task</b>'),
(32383, 'ECO003', 'Framenummer: UWSP5P0935', '\n10/11/2022 11:32: Souren Arakelian updated issue, with status <b>Warehouse task</b>'),
(32546, 'BQ0229', '250km maintenance BQ0229 (257.36km)', 'Kilometres: 257.36<br>Tighten bolt bents, tighten spokes, pump tires, clean'),
(32915, 'BQ0019', '250km maintenance BQ0019 (1176.2km)', 'Kilometres: 1176.2<br>Tighten bolt bents, tighten spokes, pump tires, clean'),
(34894, 'BQ0163', '250km maintenance BQ0163 (254.8km)', 'Kilometres: 254.8<br>Tighten bolt bents, tighten spokes, pump tires, clean'),
(35741, 'BQ0003', '250km maintenance BQ0003 (1104.54km)', 'Kilometres: 1104.54<br>Tighten bolt bents, tighten spokes, pump tires, clean'),
(36444, 'BQ1045', '250km maintenance BQ0567 (268.41km)', 'Kilometres: 268.41<br>Tighten bolt bents, tighten spokes, pump tires, clean'),
(36634, 'BQ0171', '250km maintenance BQ0171 (566.87km)', 'Kilometres: 566.87<br>Tighten bolt bents, tighten spokes, pump tires, clean'),
(37288, 'BQ0018', 'Extreme flooding', '<img class=\"alignnone size-medium wp-image-37289\" src=\"https://baqmefleet.com/wp-content/uploads/2022/06/675328E6-1640-4791-8BD1-956797842658-169x300.jpeg\" alt=\"\" width=\"169\" height=\"300\" />\n09/06/2022 01:29: Mert updated issue, with status <b>Warehouse task</b>'),
(38645, 'BQ0021', '250km maintenance BQ0021 (1921.13km)', 'Kilometres: 1921.13<br>Tighten bolt bents, tighten spokes, pump tires, clean'),
(38811, 'BQ0037', '250km maintenance BQ0037 (1349.8km)', 'Kilometres: 1349.8<br>Tighten bolt bents, tighten spokes, pump tires, clean'),
(39019, 'BQ0233', 'Box damaged', '<img class=\"alignnone size-medium wp-image-39020\" src=\"https://baqmefleet.com/wp-content/uploads/2022/06/284B2C9D-8948-43CF-9AE8-0533928F7277-169x300.jpeg\" alt=\"\" width=\"169\" height=\"300\" />\r\n20/06/2022 02:26: Mert updated issue, with status <b>Open</b>\n23/11/2022 04:59: Mert updated issue, with status <b>Warehouse task</b>'),
(40220, 'TROJAN', '250km maintenance TROJAN (1407.11km)', 'Kilometres: 1407.11<br>Tighten bolt bents, tighten spokes, pump tires, clean'),
(40523, 'BQ0233', '250km maintenance BQ0233 (250.4km)', 'Kilometres: 250.4<br>Tighten bolt bents, tighten spokes, pump tires, clean'),
(40635, 'BQ0203', '250km maintenance BQ0203 (513.4km)', 'Kilometres: 513.4<br>Tighten bolt bents, tighten spokes, pump tires, clean'),
(40637, 'BQ0102', '250km maintenance BQ0102 (874.67km)', 'Kilometres: 874.67<br>Tighten bolt bents, tighten spokes, pump tires, clean'),
(41736, 'BQ1029', '250km maintenance BQ1029 (254.04km)', 'Kilometres: 254.04<br>Tighten bolt bents, tighten spokes, pump tires, clean'),
(42828, 'BQ0229', 'Box damaged', '<img class=\"alignnone size-medium wp-image-48592\" src=\"https://baqmefleet.com/wp-content/uploads/2022/07/image-11-225x300.jpg\" alt=\"\" width=\"225\" height=\"300\" /><img class=\"alignnone size-medium wp-image-42829\" src=\"https://baqmefleet.com/wp-content/uploads/2022/07/image-5-225x300.jpg\" alt=\"\" width=\"225\" height=\"300\" />\r\n12/07/2022 02:18: Mert updated issue, with status <b>Open</b>\r\n\r\ngetting worse\r\n\r\n16/08/2022 10:21: Mert updated issue, with status <b>Open</b>\n17/08/2022 02:40: Sven Velthuis updated issue, with status <b>Warehouse task</b>'),
(43714, 'BQ0229', '250km maintenance BQ0229 (509.81km)', 'Kilometres: 509.81<br>Tighten bolt bents, tighten spokes, pump tires, clean'),
(44758, 'BQ0121', '250km maintenance BQ0121 (517.1km)', 'Kilometres: 517.1<br>Tighten bolt bents, tighten spokes, pump tires, clean'),
(46101, 'BQ0110', '250km maintenance BQ0110 (615.77km)', 'Kilometres: 615.77<br>Tighten bolt bents, tighten spokes, pump tires, clean'),
(46447, 'BQ1031', '250km maintenance BQ1031 (252.06km)', 'Kilometres: 252.06<br>Tighten bolt bents, tighten spokes, pump tires, clean'),
(46603, 'BQ0097', 'Mist balhoofd kap', '\n08/11/2022 09:14: Mert updated issue, with status <b>Warehouse task</b>'),
(46792, 'BQ0171', '250km maintenance BQ0171 (833.38km)', 'Kilometres: 833.38<br>Tighten bolt bents, tighten spokes, pump tires, clean'),
(47018, 'BQ0047', '250km maintenance BQ0047 (1595.19km)', 'Kilometres: 1595.19<br>Tighten bolt bents, tighten spokes, pump tires, clean'),
(47457, 'BQ0558', '250km maintenance BQ0558 (250.75km)', 'Kilometres: 250.75<br>Tighten bolt bents, tighten spokes, pump tires, clean'),
(50064, 'BQ0212', '250km maintenance BQ0212 (812.19km)', 'Kilometres: 812.19\r\nTighten bolt bents, tighten spokes, pump tires, clean\r\n19/02/2023 13:37: Sven Velthuis updated issue, with status <b>Urgent</b>\n23/02/2023 20:30: Sven Velthuis updated issue, with status <b>Warehouse task</b>'),
(50203, 'BQ0238', '250km maintenance BQ0238 (654.07km)', 'Kilometres: 654.07<br>Tighten bolt bents, tighten spokes, pump tires, clean'),
(51202, 'BQ0171', 'Missing dip standard', '\n09/12/2022 08:07: Mert updated issue, with status <b>Warehouse task</b>'),
(55039, 'BQ1037', '250km maintenance BQ1037 (268.47km)', 'Kilometres: 268.47<br>Tighten bolt bents, tighten spokes, pump tires, clean'),
(55040, 'BQ1004', '250km maintenance BQ1004 (761.54km)', 'Kilometres: 761.54<br>Tighten bolt bents, tighten spokes, pump tires, clean'),
(55586, 'BQ0139', 'Display knopje kapot', '\n20/11/2022 05:05: Sven Velthuis updated issue, with status <b>Warehouse task</b>'),
(60867, 'BQ1001', '250km maintenance BQ1001 (958.01km)', 'Kilometres: 958.01<br>Tighten bolt bents, tighten spokes, pump tires, clean'),
(61583, 'BQ0139', 'Display knopje mist', '\n30/11/2022 03:40: Mert updated issue, with status <b>Warehouse task</b>'),
(62606, 'BQ1034', '250km maintenance BQ1034 (250.41km)', 'Kilometres: 250.41<br>Tighten bolt bents, tighten spokes, pump tires, clean'),
(62607, 'BQ0571', '250km maintenance BQ0571 (775.82km)', 'Kilometres: 775.82<br>Tighten bolt bents, tighten spokes, pump tires, clean'),
(62874, 'BQ0590', '250km maintenance BQ0590 (1093.14km)', 'Kilometres: 1093.14<br>Tighten bolt bents, tighten spokes, pump tires, clean'),
(63684, 'BQ0572', '250km maintenance BQ0572 (1010.59km)', 'Kilometres: 1010.59<br>Tighten bolt bents, tighten spokes, pump tires, clean'),
(64210, 'BQ0590', '250km maintenance BQ0590 (1347.31km)', 'Kilometres: 1347.31<br>Tighten bolt bents, tighten spokes, pump tires, clean'),
(65108, 'BQ0556', '250km maintenance BQ0556 (795.6km)', 'Kilometres: 795.6<br>Tighten bolt bents, tighten spokes, pump tires, clean'),
(65218, 'BQ0590', '250km maintenance BQ0590 (1597.39km)', 'Kilometres: 1597.39<br>Tighten bolt bents, tighten spokes, pump tires, clean'),
(66241, 'BQ0590', '250km maintenance BQ0590 (1867.98km)', 'Kilometres: 1867.98<br>Tighten bolt bents, tighten spokes, pump tires, clean'),
(66907, 'BQ0532', '250km maintenance BQ0532 (822.54km)', 'Kilometres: 822.54<br>Tighten bolt bents, tighten spokes, pump tires, clean'),
(68099, 'BQ0046', '250km maintenance BQ0046 (2038.45km)', 'Kilometres: 2038.45<br>Tighten bolt bents, tighten spokes, pump tires, clean'),
(68131, 'BQ1010', '250km maintenance BQ1010 (1025.56km)', 'Kilometres: 1025.56<br>Tighten bolt bents, tighten spokes, pump tires, clean'),
(68132, 'BQ0590', '250km maintenance BQ0590 (2403.46km)', 'Kilometres: 2403.46<br>Tighten bolt bents, tighten spokes, pump tires, clean'),
(68258, 'BQ1010', 'Broken display button', '31/01/2023 10:18: Souren Arakelian updated issue, with status <b>Open</b>\n28/08/2023 15:58: Souren Arakelian updated issue, with status <b>Warehouse task</b>'),
(69050, 'BQ1028', '250km maintenance BQ1028 (252.56km)', 'Kilometres: 252.56<br>Tighten bolt bents, tighten spokes, pump tires, clean'),
(69051, 'BQ0590', '250km maintenance BQ0590 (2695.74km)', 'Kilometres: 2695.74<br>Tighten bolt bents, tighten spokes, pump tires, clean'),
(69333, 'BQ0217', 'Display mist knop', '\n05/05/2023 18:37: Souren Arakelian updated issue, with status <b>Warehouse task</b>'),
(69839, 'BQ0590', '250km maintenance BQ0590 (2955.06km)', 'Kilometres: 2955.06<br>Tighten bolt bents, tighten spokes, pump tires, clean'),
(70703, 'BQ1004', '250km maintenance BQ1004 (1013.82km)', 'Kilometres: 1013.82<br>Tighten bolt bents, tighten spokes, pump tires, clean'),
(71137, 'BQ0535', '250km maintenance BQ0535 (819.29km)', 'Kilometres: 819.29<br>Tighten bolt bents, tighten spokes, pump tires, clean'),
(71151, 'BQ1036', 'Achterframe vervangen.', '\n13/03/2023 12:13: Marko Leer updated issue, with status <b>Warehouse task</b>'),
(71338, 'BQ0591', '250km maintenance BQ0591 (518.41km)', 'Kilometres: 518.41\r\nTighten bolt bents, tighten spokes, pump tires, clean\r\n25/05/2023 08:49: Souren Arakelian updated issue, with status <b>Urgent</b>\n30/05/2023 07:25: Souren Arakelian updated issue, with status <b>Warehouse task</b>'),
(71958, 'BQ0504', '250km maintenance BQ0504 (1039.43km)', 'Kilometres: 1039.43<br>Tighten bolt bents, tighten spokes, pump tires, clean'),
(71967, 'BQ0174', '250km maintenance BQ0174 (1612.47km)', 'Kilometres: 1612.47<br>Tighten bolt bents, tighten spokes, pump tires, clean'),
(71968, 'BQ0173', '250km maintenance BQ0173 (1366.32km)', 'Kilometres: 1366.32<br>Tighten bolt bents, tighten spokes, pump tires, clean'),
(72173, 'BQ0155', '250km maintenance BQ0155 (1567.03km)', 'Kilometres: 1567.03<br>Tighten bolt bents, tighten spokes, pump tires, clean'),
(72235, 'BQ1001', '250km maintenance BQ1001 (1209.14km)', 'Kilometres: 1209.14<br>Tighten bolt bents, tighten spokes, pump tires, clean'),
(72609, 'BQ0149', '250km maintenance BQ0149 (1191.95km)', 'Kilometres: 1191.95<br>Tighten bolt bents, tighten spokes, pump tires, clean'),
(72825, 'BQ0033', '250km maintenance BQ0033 (545.1km)', 'Kilometres: 545.1<br>Tighten bolt bents, tighten spokes, pump tires, clean'),
(73226, 'BQ0198', '250km maintenance BQ0198 (1517.88km)', 'Kilometres: 1517.88<br>Tighten bolt bents, tighten spokes, pump tires, clean'),
(73291, 'BQ0564', '250km maintenance BQ0564 (537.88km)', 'Kilometres: 537.88<br>Tighten bolt bents, tighten spokes, pump tires, clean'),
(73729, 'BQ0132', '250km maintenance BQ0132 (1178.31km)', 'Kilometres: 1178.31<br>Tighten bolt bents, tighten spokes, pump tires, clean'),
(73730, 'BQ0120', '250km maintenance BQ0120 (1357.91km)', 'Kilometres: 1357.91<br>Tighten bolt bents, tighten spokes, pump tires, clean'),
(73996, 'BQ0050', '250km maintenance BQ0050 (2061.56km)', 'Kilometres: 2061.56<br>Tighten bolt bents, tighten spokes, pump tires, clean'),
(74361, 'BQ1025', '250km maintenance BQ1025 (881.94km)', 'Kilometres: 881.94<br>Tighten bolt bents, tighten spokes, pump tires, clean'),
(74740, 'BQ0548', '250km maintenance BQ0548 (959.49km)', 'Kilometres: 959.49<br>Tighten bolt bents, tighten spokes, pump tires, clean'),
(75144, 'BQ0149', 'Powunity', '\n30/06/2023 14:46: Souren Arakelian updated issue, with status <b>Warehouse task</b>'),
(75197, 'BQ1034', '250km maintenance BQ1034 (604.85km)', 'Kilometres: 604.85<br>Tighten bolt bents, tighten spokes, pump tires, clean'),
(75530, 'BQ0149', 'is gevallen rechterkant, error 64, to wh', '30/06/2023 14:45: Souren Arakelian updated issue, with status <b>Fixed</b>\n30/06/2023 14:45: Souren Arakelian updated issue, with status <b>Warehouse task</b>'),
(75551, 'BQ0087', 'Display knopjes', '\n14/05/2023 10:02: Eli de Haas updated issue, with status <b>Warehouse task</b>'),
(75574, 'BQ0208', 'Sticker bak vervangen', '15/05/2023 08:14: Sven Velthuis updated issue, with status <b>Open</b>\n19/05/2023 13:25: Papa Souren updated issue, with status <b>Warehouse task</b>'),
(75648, 'BQ0087', '250km maintenance BQ0087 (1391.18km)', 'Kilometres: 1391.18<br>Tighten bolt bents, tighten spokes, pump tires, clean'),
(76241, 'BQ0580', '250km maintenance BQ0580 (1369.05km)', 'Kilometres: 1369.05<br>Tighten bolt bents, tighten spokes, pump tires, clean'),
(76242, 'BQ0531', '250km maintenance BQ0531 (1323.68km)', 'Kilometres: 1323.68<br>Tighten bolt bents, tighten spokes, pump tires, clean'),
(76316, 'BQ0532', '250km maintenance BQ0532 (1075.05km)', 'Kilometres: 1075.05<br>Tighten bolt bents, tighten spokes, pump tires, clean'),
(76755, 'BQ0571', '250km maintenance BQ0571 (1033.69km)', 'Kilometres: 1033.69<br>Tighten bolt bents, tighten spokes, pump tires, clean'),
(76760, 'BQ0033', '250km maintenance BQ0033 (816.83km)', 'Kilometres: 816.83<br>Tighten bolt bents, tighten spokes, pump tires, clean'),
(76840, 'BQ0504', '250km maintenance BQ0504 (1295.42km)', 'Kilometres: 1295.42<br>Tighten bolt bents, tighten spokes, pump tires, clean'),
(76842, 'BQ0176', '250km maintenance BQ0176 (1699.66km)', 'Kilometres: 1699.66<br>Tighten bolt bents, tighten spokes, pump tires, clean'),
(76894, 'BQ0039', '250km maintenance BQ0039 (2515.15km)', 'Kilometres: 2515.15<br>Tighten bolt bents, tighten spokes, pump tires, clean'),
(77055, 'BQ1010', '250km maintenance BQ1010 (1294.36km)', 'Kilometres: 1294.36<br>Tighten bolt bents, tighten spokes, pump tires, clean'),
(77061, 'BQ0061', '250km maintenance BQ0061 (2076.67km)', 'Kilometres: 2076.67<br>Tighten bolt bents, tighten spokes, pump tires, clean'),
(77187, 'BQ1021', '250km maintenance BQ1021 (1176.74km)', 'Kilometres: 1176.74<br>Tighten bolt bents, tighten spokes, pump tires, clean'),
(77192, 'BQ0155', '250km maintenance BQ0155 (1819.26km)', 'Kilometres: 1819.26<br>Tighten bolt bents, tighten spokes, pump tires, clean'),
(77256, 'BQ0201', '250km maintenance BQ0201 (1981.75km)', 'Kilometres: 1981.75<br>Tighten bolt bents, tighten spokes, pump tires, clean'),
(77322, 'BQ0586', 'Enviolo lekt (nog steeds) olie &#8211; rider moest erop letten van BAQME monteur', '13/06/2023 09:41: Sven Velthuis updated issue, with status <b>Fixed</b>\r\n13/06/2023 16:19: Sven Velthuis updated issue, with status <b>Urgent</b>\r\n14/07/2023 18:48: Souren Arakelian updated issue, with status <b>Warehouse task</b>\r\n22/07/2023 12:49: Solmaz updated issue, with status <b>Urgent</b>\n24/07/2023 12:26: Souren Arakelian updated issue, with status <b>Warehouse task</b>'),
(77382, 'BQ1018', '250km maintenance BQ1018 (1052.67km)', 'Kilometres: 1052.67<br>Tighten bolt bents, tighten spokes, pump tires, clean'),
(77383, 'BQ0582', '250km maintenance BQ0582 (1241.47km)', 'Kilometres: 1241.47<br>Tighten bolt bents, tighten spokes, pump tires, clean'),
(77385, 'BQ0266', '250km maintenance BQ0266 (710.76km)', 'Kilometres: 710.76<br>Tighten bolt bents, tighten spokes, pump tires, clean'),
(77493, 'BQ0191', '250km maintenance BQ0191 (1461.3km)', 'Kilometres: 1461.3<br>Tighten bolt bents, tighten spokes, pump tires, clean'),
(77494, 'BQ0174', '250km maintenance BQ0174 (1876.12km)', 'Kilometres: 1876.12<br>Tighten bolt bents, tighten spokes, pump tires, clean'),
(77497, 'BQ0096', '250km maintenance BQ0096 (1990.87km)', 'Kilometres: 1990.87<br>Tighten bolt bents, tighten spokes, pump tires, clean'),
(78220, 'BQ0050', '250km maintenance BQ0050 (2328.17km)', 'Kilometres: 2328.17<br>Tighten bolt bents, tighten spokes, pump tires, clean'),
(78436, 'BQ0563', 'Heeft afwijking naar links', '\n14/06/2023 20:04: Souren Arakelian updated issue, with status <b>Warehouse task</b>'),
(78585, 'BQ1017', '250km maintenance BQ1017 (1383.53km)', 'Kilometres: 1383.53<br>Tighten bolt bents, tighten spokes, pump tires, clean'),
(79421, 'BQ1006', '250km maintenance BQ1006 (1575.45km)', 'Kilometres: 1575.45<br>Tighten bolt bents, tighten spokes, pump tires, clean'),
(79482, 'BQ0173', '250km maintenance BQ0173 (1617.76km)', 'Kilometres: 1617.76<br>Tighten bolt bents, tighten spokes, pump tires, clean'),
(79959, 'BQ0590', '250km maintenance BQ0590 (6459.38km)', 'Kilometres: 6459.38\r\nTighten bolt bents, tighten spokes, pump tires, clean\r\n22/07/2023 12:41: Solmaz updated issue, with status <b>Urgent</b>\n31/07/2023 10:48: Souren Arakelian updated issue, with status <b>Warehouse task</b>'),
(80131, 'BQ0564', '250km maintenance BQ0564 (792.59km)', 'Kilometres: 792.59<br>Tighten bolt bents, tighten spokes, pump tires, clean'),
(80547, 'BQ1028', '250km maintenance BQ1028 (504.17km)', 'Kilometres: 504.17<br>Tighten bolt bents, tighten spokes, pump tires, clean'),
(80634, 'BQ0561', '250km maintenance BQ0561 (1462.86km)', 'Kilometres: 1462.86<br>Tighten bolt bents, tighten spokes, pump tires, clean'),
(80635, 'BQ0264', '250km maintenance BQ0264 (1619.79km)', 'Kilometres: 1619.79<br>Tighten bolt bents, tighten spokes, pump tires, clean'),
(80636, 'BQ0513', '250km maintenance BQ0513 (1449.12km)', 'Kilometres: 1449.12<br>Tighten bolt bents, tighten spokes, pump tires, clean'),
(80831, 'BQ1036', '250km maintenance BQ1036 (1316.72km)', 'Kilometres: 1316.72<br>Tighten bolt bents, tighten spokes, pump tires, clean'),
(80832, 'BQ1033', '250km maintenance BQ1033 (1169.48km)', 'Kilometres: 1169.48<br>Tighten bolt bents, tighten spokes, pump tires, clean'),
(80835, 'BQ0191', '250km maintenance BQ0191 (1714.21km)', 'Kilometres: 1714.21<br>Tighten bolt bents, tighten spokes, pump tires, clean'),
(80968, 'BQ0263', 'mist QRcode(bestaat niet in WH)', '12/07/2023 12:58: Marko Leer updated issue, with status <b>Urgent</b>\n14/07/2023 18:47: Souren Arakelian updated issue, with status <b>Warehouse task</b>'),
(81217, 'BQ0591', '250km maintenance BQ0591 (777.36km)', 'Kilometres: 777.36<br>Tighten bolt bents, tighten spokes, pump tires, clean'),
(81364, 'BQ0563', '250km maintenance BQ0563 (1468.18km)', 'Kilometres: 1468.18<br>Tighten bolt bents, tighten spokes, pump tires, clean'),
(81481, 'BQ0580', '250km maintenance BQ0580 (1644.49km)', 'Kilometres: 1644.49<br>Tighten bolt bents, tighten spokes, pump tires, clean'),
(81672, 'BQ0106', '250km maintenance BQ0106 (251.72km)', 'Kilometres: 251.72<br>Tighten bolt bents, tighten spokes, pump tires, clean'),
(81673, 'BQ0080', '250km maintenance BQ0080 (1328.07km)', 'Kilometres: 1328.07<br>Tighten bolt bents, tighten spokes, pump tires, clean'),
(81674, 'BQ0068', '250km maintenance BQ0068 (2930.18km)', 'Kilometres: 2930.18<br>Tighten bolt bents, tighten spokes, pump tires, clean'),
(81675, 'BQ0042', '250km maintenance BQ0042 (2322.49km)', 'Kilometres: 2322.49<br>Tighten bolt bents, tighten spokes, pump tires, clean'),
(81742, 'BQ0266', '250km maintenance BQ0266 (962.37km)', 'Kilometres: 962.37<br>Tighten bolt bents, tighten spokes, pump tires, clean'),
(81744, 'BQ0176', '250km maintenance BQ0176 (1955.62km)', 'Kilometres: 1955.62<br>Tighten bolt bents, tighten spokes, pump tires, clean'),
(81824, 'BQ0502', '250km maintenance BQ0502 (1353.48km)', 'Kilometres: 1353.48<br>Tighten bolt bents, tighten spokes, pump tires, clean'),
(82056, 'BQ0028', '250km maintenance BQ0028 (2706.82km)', 'Kilometres: 2706.82<br>Tighten bolt bents, tighten spokes, pump tires, clean'),
(82332, 'BQ1045', '250km maintenance BQ1045 (1346.39km)', 'Kilometres: 1346.39<br>Tighten bolt bents, tighten spokes, pump tires, clean'),
(82459, 'BQ0199', '250km maintenance BQ0199 (2013.2km)', 'Kilometres: 2013.2<br>Tighten bolt bents, tighten spokes, pump tires, clean'),
(82661, 'BQ0528', '250km maintenance BQ0528 (1509.31km)', 'Kilometres: 1509.31<br>Tighten bolt bents, tighten spokes, pump tires, clean'),
(82840, 'BQ0560', '250km maintenance BQ0560 (1168.72km)', 'Kilometres: 1168.72<br>Tighten bolt bents, tighten spokes, pump tires, clean'),
(82843, 'BQ0057', '250km maintenance BQ0057 (923.11km)', 'Kilometres: 923.11<br>Tighten bolt bents, tighten spokes, pump tires, clean'),
(82844, 'BQ0033', '250km maintenance BQ0033 (1066.98km)', 'Kilometres: 1066.98<br>Tighten bolt bents, tighten spokes, pump tires, clean'),
(83089, 'BQ0571', '250km maintenance BQ0571 (1289.5km)', 'Kilometres: 1289.5<br>Tighten bolt bents, tighten spokes, pump tires, clean'),
(83178, 'BQ0048', '250km maintenance BQ0048 (1662.76km)', 'Kilometres: 1662.76<br>Tighten bolt bents, tighten spokes, pump tires, clean'),
(83186, 'BQ0034', 'Lock is partially cut', '\n13/08/2023 08:23: Souren Arakelian updated issue, with status <b>Warehouse task</b>'),
(83352, 'BQ1021', '250km maintenance BQ1021 (1436.28km)', 'Kilometres: 1436.28<br>Tighten bolt bents, tighten spokes, pump tires, clean'),
(83355, 'BQ1001', '250km maintenance BQ1001 (1469.61km)', 'Kilometres: 1469.61<br>Tighten bolt bents, tighten spokes, pump tires, clean'),
(83361, 'BQ0050', '250km maintenance BQ0050 (2592.69km)', 'Kilometres: 2592.69<br>Tighten bolt bents, tighten spokes, pump tires, clean'),
(83413, 'BQ1025', '250km maintenance BQ1025 (1132.45km)', 'Kilometres: 1132.45<br>Tighten bolt bents, tighten spokes, pump tires, clean'),
(83555, 'BQ0115', '250km maintenance BQ0115 (1969.31km)', 'Kilometres: 1969.31<br>Tighten bolt bents, tighten spokes, pump tires, clean'),
(83709, 'BQ0175', '250km maintenance BQ0175 (2227.89km)', 'Kilometres: 2227.89<br>Tighten bolt bents, tighten spokes, pump tires, clean'),
(83710, 'BQ0116', '250km maintenance BQ0116 (2075.86km)', 'Kilometres: 2075.86<br>Tighten bolt bents, tighten spokes, pump tires, clean'),
(83792, 'BQ0117', '250km maintenance BQ0117 (258.99km)', 'Kilometres: 258.99<br>Tighten bolt bents, tighten spokes, pump tires, clean'),
(83794, 'BQ0039', '250km maintenance BQ0039 (2771.82km)', 'Kilometres: 2771.82<br>Tighten bolt bents, tighten spokes, pump tires, clean'),
(83852, 'BQ0196', '250km maintenance BQ0196 (2103.98km)', 'Kilometres: 2103.98<br>Tighten bolt bents, tighten spokes, pump tires, clean'),
(84301, 'BQ0170', '250km maintenance BQ0170 (2560.68km)', 'Kilometres: 2560.68<br>Tighten bolt bents, tighten spokes, pump tires, clean'),
(84302, 'BQ0101', '250km maintenance BQ0101 (2093.09km)', 'Kilometres: 2093.09<br>Tighten bolt bents, tighten spokes, pump tires, clean'),
(84396, 'BQ0553', '250km maintenance BQ0553 (1496.08km)', 'Kilometres: 1496.08<br>Tighten bolt bents, tighten spokes, pump tires, clean'),
(84399, 'BQ0205', '250km maintenance BQ0205 (2232.13km)', 'Kilometres: 2232.13<br>Tighten bolt bents, tighten spokes, pump tires, clean'),
(84400, 'BQ0151', '250km maintenance BQ0151 (2222.95km)', 'Kilometres: 2222.95<br>Tighten bolt bents, tighten spokes, pump tires, clean'),
(84448, 'BQ1029', '250km maintenance BQ1029 (1198.19km)', 'Kilometres: 1198.19<br>Tighten bolt bents, tighten spokes, pump tires, clean'),
(84542, 'BQ0579', '250km maintenance BQ0579 (1458.14km)', 'Kilometres: 1458.14<br>Tighten bolt bents, tighten spokes, pump tires, clean'),
(84544, 'BQ0214', '250km maintenance BQ0214 (2545.4km)', 'Kilometres: 2545.4<br>Tighten bolt bents, tighten spokes, pump tires, clean'),
(84548, 'BQ0054', '250km maintenance BQ0054 (2921.87km)', 'Kilometres: 2921.87<br>Tighten bolt bents, tighten spokes, pump tires, clean'),
(84749, 'BQ0549', '250km maintenance BQ0549 (1581.84km)', 'Kilometres: 1581.84<br>Tighten bolt bents, tighten spokes, pump tires, clean'),
(84756, 'BQ0034', '250km maintenance BQ0034 (2888.89km)', 'Kilometres: 2888.89<br>Tighten bolt bents, tighten spokes, pump tires, clean'),
(84827, 'BQ0511', '250km maintenance BQ0511 (1607.23km)', 'Kilometres: 1607.23<br>Tighten bolt bents, tighten spokes, pump tires, clean'),
(84828, 'BQ0245', '250km maintenance BQ0245 (4377.82km)', 'Kilometres: 4377.82<br>Tighten bolt bents, tighten spokes, pump tires, clean'),
(85052, 'BQ0589', '250km maintenance BQ0589 (1662.87km)', 'Kilometres: 1662.87<br>Tighten bolt bents, tighten spokes, pump tires, clean'),
(85108, 'BQ0077', '250km maintenance BQ0077 (1823.9km)', 'Kilometres: 1823.9<br>Tighten bolt bents, tighten spokes, pump tires, clean'),
(85226, 'BQ0235', '250km maintenance BQ0235 (1854.69km)', 'Kilometres: 1854.69<br>Tighten bolt bents, tighten spokes, pump tires, clean'),
(85229, 'BQ0106', '250km maintenance BQ0106 (513.04km)', 'Kilometres: 513.04<br>Tighten bolt bents, tighten spokes, pump tires, clean'),
(85340, 'BQ1004', '250km maintenance BQ1004 (1266.99km)', 'Kilometres: 1266.99<br>Tighten bolt bents, tighten spokes, pump tires, clean'),
(85343, 'BQ0195', '250km maintenance BQ0195 (2086.9km)', 'Kilometres: 2086.9<br>Tighten bolt bents, tighten spokes, pump tires, clean'),
(85472, 'BQ0264', '250km maintenance BQ0264 (1871.87km)', 'Kilometres: 1871.87<br>Tighten bolt bents, tighten spokes, pump tires, clean'),
(85473, 'BQ0210', '250km maintenance BQ0210 (2019.57km)', 'Kilometres: 2019.57<br>Tighten bolt bents, tighten spokes, pump tires, clean'),
(85582, 'BQ0523', '250km maintenance BQ0523 (1646.13km)', 'Kilometres: 1646.13<br>Tighten bolt bents, tighten spokes, pump tires, clean'),
(85727, 'BQ1010', '250km maintenance BQ1010 (1548.48km)', 'Kilometres: 1548.48<br>Tighten bolt bents, tighten spokes, pump tires, clean'),
(85787, 'BQ1043', '250km maintenance BQ1043 (1365.69km)', 'Kilometres: 1365.69<br>Tighten bolt bents, tighten spokes, pump tires, clean'),
(85788, 'BQ0561', '250km maintenance BQ0561 (1713.63km)', 'Kilometres: 1713.63<br>Tighten bolt bents, tighten spokes, pump tires, clean'),
(85789, 'BQ0517', '250km maintenance BQ0517 (1942.94km)', 'Kilometres: 1942.94<br>Tighten bolt bents, tighten spokes, pump tires, clean'),
(85938, 'BQ0572', '250km maintenance BQ0572 (3269.98km)', 'Kilometres: 3269.98<br>Tighten bolt bents, tighten spokes, pump tires, clean'),
(85939, 'BQ0245', '250km maintenance BQ0245 (4631.65km)', 'Kilometres: 4631.65<br>Tighten bolt bents, tighten spokes, pump tires, clean'),
(85940, 'BQ0208', '250km maintenance BQ0208 (2330.34km)', 'Kilometres: 2330.34<br>Tighten bolt bents, tighten spokes, pump tires, clean'),
(85944, 'BQ0038', '250km maintenance BQ0038 (2949.31km)', 'Kilometres: 2949.31<br>Tighten bolt bents, tighten spokes, pump tires, clean'),
(86018, 'BQ0540', '250km maintenance BQ0540 (1227.9km)', 'Kilometres: 1227.9<br>Tighten bolt bents, tighten spokes, pump tires, clean'),
(86019, 'BQ0513', '250km maintenance BQ0513 (1715.63km)', 'Kilometres: 1715.63<br>Tighten bolt bents, tighten spokes, pump tires, clean'),
(86087, 'BQ0582', '250km maintenance BQ0582 (1524.97km)', 'Kilometres: 1524.97<br>Tighten bolt bents, tighten spokes, pump tires, clean'),
(86089, 'BQ0528', '250km maintenance BQ0528 (1777.29km)', 'Kilometres: 1777.29<br>Tighten bolt bents, tighten spokes, pump tires, clean'),
(86091, 'BQ0111', '250km maintenance BQ0111 (2072.9km)', 'Kilometres: 2072.9<br>Tighten bolt bents, tighten spokes, pump tires, clean'),
(86270, 'BQ1006', '250km maintenance BQ1006 (1831.46km)', 'Kilometres: 1831.46<br>Tighten bolt bents, tighten spokes, pump tires, clean'),
(86271, 'BQ0506', '250km maintenance BQ0506 (2078.54km)', 'Kilometres: 2078.54<br>Tighten bolt bents, tighten spokes, pump tires, clean'),
(86273, 'BQ0047', '250km maintenance BQ0047 (3300.53km)', 'Kilometres: 3300.53<br>Tighten bolt bents, tighten spokes, pump tires, clean'),
(86287, 'BQ0223', '250km maintenance BQ0223 (1532.4km)', 'Kilometres: 1532.4<br>Tighten bolt bents, tighten spokes, pump tires, clean'),
(86500, 'ECO002', '250km maintenance ECO002 (5429.59km)', 'Kilometres: 5429.59<br>Tighten bolt bents, tighten spokes, pump tires, clean'),
(86559, 'ECO013', '250km maintenance ECO013 (256.48km)', 'Kilometres: 256.48<br>Tighten bolt bents, tighten spokes, pump tires, clean'),
(86562, 'BQ0531', '250km maintenance BQ0531 (1584.3km)', 'Kilometres: 1584.3<br>Tighten bolt bents, tighten spokes, pump tires, clean'),
(86626, 'BQ0147', 'stuur afstellen', ''),
(86627, 'BQ0147', 'display los', ''),
(86628, 'BQ0147', 'achterrem blokje', ''),
(86651, 'BQ0573', '250km maintenance BQ0573 (1924.71km)', 'Kilometres: 1924.71<br>Tighten bolt bents, tighten spokes, pump tires, clean'),
(86654, 'BQ0181', '250km maintenance BQ0181 (2004.5km)', 'Kilometres: 2004.5<br>Tighten bolt bents, tighten spokes, pump tires, clean'),
(86656, 'BQ0207', '250km maintenance BQ0207 (2205.3km)', 'Kilometres: 2205.3<br>Tighten bolt bents, tighten spokes, pump tires, clean'),
(86658, 'BQ0072', '250km maintenance BQ0072 (2379.46km)', 'Kilometres: 2379.46<br>Tighten bolt bents, tighten spokes, pump tires, clean'),
(86844, 'BQ0117', '250km maintenance BQ0117 (531.99km)', 'Kilometres: 531.99<br>Tighten bolt bents, tighten spokes, pump tires, clean'),
(86845, 'BQ0050', '250km maintenance BQ0050 (2851.57km)', 'Kilometres: 2851.57<br>Tighten bolt bents, tighten spokes, pump tires, clean'),
(87101, 'BQ0033', '250km maintenance BQ0033 (1317.26km)', 'Kilometres: 1317.26<br>Tighten bolt bents, tighten spokes, pump tires, clean'),
(87248, 'BQ0156', '250km maintenance BQ0156 (1425.64km)', 'Kilometres: 1425.64<br>Tighten bolt bents, tighten spokes, pump tires, clean'),
(87250, 'BQ0049', '250km maintenance BQ0049 (265.93km)', 'Kilometres: 265.93<br>Tighten bolt bents, tighten spokes, pump tires, clean'),
(87309, 'BQ0532', '250km maintenance BQ0532 (1337.01km)', 'Kilometres: 1337.01<br>Tighten bolt bents, tighten spokes, pump tires, clean'),
(87519, 'BQ0215', '250km maintenance BQ0215 (2304.79km)', 'Kilometres: 2304.79<br>Tighten bolt bents, tighten spokes, pump tires, clean'),
(87565, 'BQ0115', '250km maintenance BQ0115 (2226.4km)', 'Kilometres: 2226.4<br>Tighten bolt bents, tighten spokes, pump tires, clean'),
(87631, 'BQ0028', '250km maintenance BQ0028 (2960.32km)', 'Kilometres: 2960.32<br>Tighten bolt bents, tighten spokes, pump tires, clean'),
(87686, 'BQ0165', '250km maintenance BQ0165 (2348.72km)', 'Kilometres: 2348.72<br>Tighten bolt bents, tighten spokes, pump tires, clean'),
(87688, 'BQ0130', '250km maintenance BQ0130 (2314.99km)', 'Kilometres: 2314.99<br>Tighten bolt bents, tighten spokes, pump tires, clean'),
(87692, 'BQ0048', '250km maintenance BQ0048 (1913.22km)', 'Kilometres: 1913.22<br>Tighten bolt bents, tighten spokes, pump tires, clean'),
(87807, 'BQ1023', '250km maintenance BQ1023 (1455.04km)', 'Kilometres: 1455.04\r\nTighten bolt bents, tighten spokes, pump tires, clean\n09/02/2024 13:40: Solmaz updated issue, with status <b>Warehouse task</b>'),
(87860, 'BQ1029', '250km maintenance BQ1029 (1458.68km)', 'Kilometres: 1458.68<br>Tighten bolt bents, tighten spokes, pump tires, clean'),
(87863, 'BQ0572', '250km maintenance BQ0572 (3537.47km)', 'Kilometres: 3537.47<br>Tighten bolt bents, tighten spokes, pump tires, clean'),
(87867, 'BQ0101', '250km maintenance BQ0101 (2346.79km)', 'Kilometres: 2346.79<br>Tighten bolt bents, tighten spokes, pump tires, clean'),
(87868, 'BQ0068', '250km maintenance BQ0068 (3193.75km)', 'Kilometres: 3193.75<br>Tighten bolt bents, tighten spokes, pump tires, clean'),
(87930, 'BQ0057', '250km maintenance BQ0057 (1173.77km)', 'Kilometres: 1173.77<br>Tighten bolt bents, tighten spokes, pump tires, clean'),
(88039, 'BQ0564', '250km maintenance BQ0564 (1045.02km)', 'Kilometres: 1045.02<br>Tighten bolt bents, tighten spokes, pump tires, clean'),
(88040, 'BQ0557', '250km maintenance BQ0557 (266.53km)', 'Kilometres: 266.53<br>Tighten bolt bents, tighten spokes, pump tires, clean'),
(88042, 'BQ0159', '250km maintenance BQ0159 (2402.49km)', 'Kilometres: 2402.49<br>Tighten bolt bents, tighten spokes, pump tires, clean'),
(88044, 'BQ0043', '250km maintenance BQ0043 (2476.76km)', 'Kilometres: 2476.76<br>Tighten bolt bents, tighten spokes, pump tires, clean'),
(88117, 'BQ0577', '250km maintenance BQ0577 (1756.97km)', 'Kilometres: 1756.97<br>Tighten bolt bents, tighten spokes, pump tires, clean'),
(88120, 'BQ0179', '250km maintenance BQ0179 (2170.9km)', 'Kilometres: 2170.9<br>Tighten bolt bents, tighten spokes, pump tires, clean'),
(88190, 'BQ0253', '250km maintenance BQ0253 (1684.03km)', 'Kilometres: 1684.03<br>Tighten bolt bents, tighten spokes, pump tires, clean'),
(88251, 'BQ1045', '250km maintenance BQ1045 (1618.32km)', 'Kilometres: 1618.32<br>Tighten bolt bents, tighten spokes, pump tires, clean'),
(88252, 'BQ0235', '250km maintenance BQ0235 (2112.5km)', 'Kilometres: 2112.5<br>Tighten bolt bents, tighten spokes, pump tires, clean'),
(88287, 'BQ0251', 'Stuurstang afgebroken', '\n12/10/2023 09:52: Eli de Haas updated issue, with status <b>Warehouse task</b>'),
(88321, 'BQ0147', 'remblokje achter', ''),
(88366, 'BQ1017', '250km maintenance BQ1017 (1634.44km)', 'Kilometres: 1634.44<br>Tighten bolt bents, tighten spokes, pump tires, clean'),
(88437, 'BQ0591', '250km maintenance BQ0591 (1027.43km)', 'Kilometres: 1027.43<br>Tighten bolt bents, tighten spokes, pump tires, clean'),
(88619, 'BQ0170', '250km maintenance BQ0170 (2830.55km)', 'Kilometres: 2830.55<br>Tighten bolt bents, tighten spokes, pump tires, clean'),
(88675, 'BQ0060', '250km maintenance BQ0060 (3012.22km)', 'Kilometres: 3012.22<br>Tighten bolt bents, tighten spokes, pump tires, clean'),
(88676, 'BQ0058', '250km maintenance BQ0058 (2588.1km)', 'Kilometres: 2588.1<br>Tighten bolt bents, tighten spokes, pump tires, clean'),
(88722, 'BQ0509', '250km maintenance BQ0509 (1581.76km)', 'Kilometres: 1581.76<br>Tighten bolt bents, tighten spokes, pump tires, clean'),
(88723, 'BQ0205', '250km maintenance BQ0205 (2491.11km)', 'Kilometres: 2491.11<br>Tighten bolt bents, tighten spokes, pump tires, clean'),
(88724, 'BQ0039', '250km maintenance BQ0039 (3028.14km)', 'Kilometres: 3028.14<br>Tighten bolt bents, tighten spokes, pump tires, clean'),
(88771, 'BQ0518', '250km maintenance BQ0518 (262.91km)', 'Kilometres: 262.91<br>Tighten bolt bents, tighten spokes, pump tires, clean'),
(88773, 'BQ0501', '250km maintenance BQ0501 (258.97km)', 'Kilometres: 258.97<br>Tighten bolt bents, tighten spokes, pump tires, clean'),
(88876, 'BQ0175', '250km maintenance BQ0175 (2481.94km)', 'Kilometres: 2481.94<br>Tighten bolt bents, tighten spokes, pump tires, clean'),
(88999, 'BQ0220', '250km maintenance BQ0220 (1415.97km)', 'Kilometres: 1415.97<br>Tighten bolt bents, tighten spokes, pump tires, clean'),
(89000, 'BQ0203', '250km maintenance BQ0203 (2370.37km)', 'Kilometres: 2370.37<br>Tighten bolt bents, tighten spokes, pump tires, clean'),
(89379, 'BQ0249', '250km maintenance BQ0249 (2037.55km)', 'Kilometres: 2037.55\r\nTighten bolt bents, tighten spokes, pump tires, clean\n09/02/2024 14:04: Solmaz updated issue, with status <b>Warehouse task</b>'),
(89382, 'BQ0116', '250km maintenance BQ0116 (2326.66km)', 'Kilometres: 2326.66<br>Tighten bolt bents, tighten spokes, pump tires, clean'),
(89437, 'BQ0072', 'slothendel', ''),
(89444, 'BQ0538', '250km maintenance BQ0538 (2057.43km)', 'Kilometres: 2057.43<br>Tighten bolt bents, tighten spokes, pump tires, clean'),
(89609, 'BQ0544', '250km maintenance BQ0544 (254.33km)', 'Kilometres: 254.33<br>Tighten bolt bents, tighten spokes, pump tires, clean'),
(89610, 'BQ0563', '250km maintenance BQ0563 (1718.38km)', 'Kilometres: 1718.38<br>Tighten bolt bents, tighten spokes, pump tires, clean'),
(89611, 'BQ0090', '250km maintenance BQ0090 (1916.46km)', 'Kilometres: 1916.46<br>Tighten bolt bents, tighten spokes, pump tires, clean'),
(89667, 'BQ1000', 'graffiti inside box', '\n19/01/2024 10:17: Souren Arakelian updated issue, with status <b>Warehouse task</b>'),
(89680, 'BQ0033', 'stuurkogelkap', ''),
(89698, 'BQ0151', '250km maintenance BQ0151 (2484.24km)', 'Kilometres: 2484.24<br>Tighten bolt bents, tighten spokes, pump tires, clean'),
(89762, 'BQ0230', '250km maintenance BQ0230 (1222.34km)', 'Kilometres: 1222.34<br>Tighten bolt bents, tighten spokes, pump tires, clean'),
(89764, 'BQ0199', '250km maintenance BQ0199 (2271.36km)', 'Kilometres: 2271.36<br>Tighten bolt bents, tighten spokes, pump tires, clean'),
(89767, 'BQ0127', '250km maintenance BQ0127 (2561.62km)', 'Kilometres: 2561.62<br>Tighten bolt bents, tighten spokes, pump tires, clean'),
(89857, 'BQ0502', '250km maintenance BQ0502 (1618.32km)', 'Kilometres: 1618.32<br>Tighten bolt bents, tighten spokes, pump tires, clean'),
(90189, 'BQ0144', '250km maintenance BQ0144 (2404.47km)', 'Kilometres: 2404.47<br>Tighten bolt bents, tighten spokes, pump tires, clean'),
(90190, 'BQ0143', '250km maintenance BQ0143 (1526.52km)', 'Kilometres: 1526.52\r\nTighten bolt bents, tighten spokes, pump tires, clean\n09/02/2024 13:07: Solmaz updated issue, with status <b>Warehouse task</b>'),
(90191, 'BQ0214', '250km maintenance BQ0214 (2802.25km)', 'Kilometres: 2802.25<br>Tighten bolt bents, tighten spokes, pump tires, clean'),
(90192, 'BQ0206', '250km maintenance BQ0206 (2217.74km)', 'Kilometres: 2217.74<br>Tighten bolt bents, tighten spokes, pump tires, clean'),
(90194, 'BQ0196', '250km maintenance BQ0196 (2359.51km)', 'Kilometres: 2359.51<br>Tighten bolt bents, tighten spokes, pump tires, clean'),
(90198, 'BQ0034', '250km maintenance BQ0034 (3143.54km)', 'Kilometres: 3143.54<br>Tighten bolt bents, tighten spokes, pump tires, clean'),
(90216, 'BQ0536', '250km maintenance BQ0536 (252.42km)', 'Kilometres: 252.42<br>Tighten bolt bents, tighten spokes, pump tires, clean'),
(90218, 'BQ0553', '250km maintenance BQ0553 (1747.37km)', 'Kilometres: 1747.37<br>Tighten bolt bents, tighten spokes, pump tires, clean'),
(90221, 'BQ0148', '250km maintenance BQ0148 (252.13km)', 'Kilometres: 252.13<br>Tighten bolt bents, tighten spokes, pump tires, clean'),
(90281, 'BQ0511', '250km maintenance BQ0511 (1862.35km)', 'Kilometres: 1862.35<br>Tighten bolt bents, tighten spokes, pump tires, clean'),
(90361, 'BQ0559', '250km maintenance BQ0559 (254.18km)', 'Kilometres: 254.18<br>Tighten bolt bents, tighten spokes, pump tires, clean'),
(90363, 'BQ0047', '250km maintenance BQ0047 (3552.92km)', 'Kilometres: 3552.92<br>Tighten bolt bents, tighten spokes, pump tires, clean'),
(90462, 'BQ0072', '250km maintenance BQ0072 (2639.01km)', 'Kilometres: 2639.01<br>Tighten bolt bents, tighten spokes, pump tires, clean'),
(90511, 'BQ0135', '250km maintenance BQ0135 (2391.43km)', 'Kilometres: 2391.43\r\nTighten bolt bents, tighten spokes, pump tires, clean\n09/02/2024 13:11: Solmaz updated issue, with status <b>Warehouse task</b>'),
(90512, 'BQ0173', '250km maintenance BQ0173 (1870.4km)', 'Kilometres: 1870.4<br>Tighten bolt bents, tighten spokes, pump tires, clean'),
(90614, 'BQ0223', '250km maintenance BQ0223 (1783.05km)', 'Kilometres: 1783.05<br>Tighten bolt bents, tighten spokes, pump tires, clean'),
(90654, 'BQ0154', 'ratel in ketting / motor', ''),
(90723, 'BQ1043', '250km maintenance BQ1043 (1616.24km)', 'Kilometres: 1616.24<br>Tighten bolt bents, tighten spokes, pump tires, clean'),
(90725, 'BQ0506', '250km maintenance BQ0506 (2330.6km)', 'Kilometres: 2330.6<br>Tighten bolt bents, tighten spokes, pump tires, clean'),
(90856, 'BQ1014', '250km maintenance BQ1014 (2006.25km)', 'Kilometres: 2006.25<br>Tighten bolt bents, tighten spokes, pump tires, clean'),
(90859, 'BQ0208', '250km maintenance BQ0208 (2580.45km)', 'Kilometres: 2580.45<br>Tighten bolt bents, tighten spokes, pump tires, clean'),
(90860, 'BQ0088', '250km maintenance BQ0088 (1588.72km)', 'Kilometres: 1588.72<br>Tighten bolt bents, tighten spokes, pump tires, clean'),
(90861, 'BQ0069', '250km maintenance BQ0069 (1900.41km)', 'Kilometres: 1900.41\r\nTighten bolt bents, tighten spokes, pump tires, clean\n09/02/2024 13:17: Solmaz updated issue, with status <b>Warehouse task</b>'),
(90888, 'BQ1018', '250km maintenance BQ1018 (1304.94km)', 'Kilometres: 1304.94<br>Tighten bolt bents, tighten spokes, pump tires, clean'),
(90890, 'BQ0207', '250km maintenance BQ0207 (2458.9km)', 'Kilometres: 2458.9<br>Tighten bolt bents, tighten spokes, pump tires, clean'),
(90891, 'BQ0154', '250km maintenance BQ0154 (2412.94km)', 'Kilometres: 2412.94<br>Tighten bolt bents, tighten spokes, pump tires, clean'),
(90939, 'BQ0579', '250km maintenance BQ0579 (1710.27km)', 'Kilometres: 1710.27<br>Tighten bolt bents, tighten spokes, pump tires, clean'),
(91011, 'BQ1042', '250km maintenance BQ1042 (506.94km)', 'Kilometres: 506.94\r\nTighten bolt bents, tighten spokes, pump tires, clean\r\n30/11/2023 12:28: Solmaz updated issue, with status <b>Warehouse task</b>\n30/11/2023 12:33: Solmaz updated issue, with status <b>Warehouse task</b>'),
(91013, 'BQ0106', '250km maintenance BQ0106 (764.29km)', 'Kilometres: 764.29<br>Tighten bolt bents, tighten spokes, pump tires, clean'),
(91014, 'BQ0038', '250km maintenance BQ0038 (3206.13km)', 'Kilometres: 3206.13<br>Tighten bolt bents, tighten spokes, pump tires, clean'),
(91118, 'BQ0569', '250km maintenance BQ0569 (894.97km)', 'Kilometres: 894.97<br>Tighten bolt bents, tighten spokes, pump tires, clean'),
(91119, 'BQ0560', '250km maintenance BQ0560 (1423.2km)', 'Kilometres: 1423.2<br>Tighten bolt bents, tighten spokes, pump tires, clean'),
(91120, 'BQ0266', '250km maintenance BQ0266 (1482.76km)', 'Kilometres: 1482.76<br>Tighten bolt bents, tighten spokes, pump tires, clean'),
(91195, 'BQ0062', '250km maintenance BQ0062 (2927.96km)', 'Kilometres: 2927.96<br>Tighten bolt bents, tighten spokes, pump tires, clean'),
(91254, 'BQ1015', '250km maintenance BQ1015 (2768.57km)', 'Kilometres: 2768.57\r\nTighten bolt bents, tighten spokes, pump tires, clean\n09/02/2024 13:41: Solmaz updated issue, with status <b>Warehouse task</b>'),
(91258, 'BQ0031', '250km maintenance BQ0031 (2442.12km)', 'Kilometres: 2442.12<br>Tighten bolt bents, tighten spokes, pump tires, clean'),
(91277, 'BQ0111', '250km maintenance BQ0111 (2326.69km)', 'Kilometres: 2326.69<br>Tighten bolt bents, tighten spokes, pump tires, clean'),
(91305, 'BQ1030', '250km maintenance BQ1030 (2423.91km)', 'Kilometres: 2423.91\r\nTighten bolt bents, tighten spokes, pump tires, clean\n09/02/2024 13:33: Solmaz updated issue, with status <b>Warehouse task</b>'),
(91306, 'BQ0204', '250km maintenance BQ0204 (748.49km)', 'Kilometres: 748.49<br>Tighten bolt bents, tighten spokes, pump tires, clean'),
(91307, 'BQ0171', '250km maintenance BQ0171 (2017km)', 'Kilometres: 2017<br>Tighten bolt bents, tighten spokes, pump tires, clean'),
(91308, 'BQ0104', '250km maintenance BQ0104 (2724.1km)', 'Kilometres: 2724.1\r\nTighten bolt bents, tighten spokes, pump tires, clean\n09/02/2024 13:15: Solmaz updated issue, with status <b>Warehouse task</b>'),
(91389, 'BQ0159', '250km maintenance BQ0159 (2654.11km)', 'Kilometres: 2654.11<br>Tighten bolt bents, tighten spokes, pump tires, clean'),
(91523, 'BQ0264', '250km maintenance BQ0264 (2133.79km)', 'Kilometres: 2133.79<br>Tighten bolt bents, tighten spokes, pump tires, clean'),
(91583, 'BQ0050', '250km maintenance BQ0050 (3102.52km)', 'Kilometres: 3102.52<br>Tighten bolt bents, tighten spokes, pump tires, clean'),
(91621, 'BQ0201', 'weerstand sturen', ''),
(91648, 'BQ0098', '250km maintenance BQ0098 (3183.6km)', 'Kilometres: 3183.6<br>Tighten bolt bents, tighten spokes, pump tires, clean'),
(91731, 'BQ1002', '250km maintenance BQ1002 (1295.35km)', 'Kilometres: 1295.35<br>Tighten bolt bents, tighten spokes, pump tires, clean'),
(91779, 'BQ0057', '250km maintenance BQ0057 (1425.88km)', 'Kilometres: 1425.88<br>Tighten bolt bents, tighten spokes, pump tires, clean'),
(91842, 'BQ0517', '250km maintenance BQ0517 (2196.98km)', 'Kilometres: 2196.98<br>Tighten bolt bents, tighten spokes, pump tires, clean'),
(91843, 'BQ0210', '250km maintenance BQ0210 (2272.03km)', 'Kilometres: 2272.03<br>Tighten bolt bents, tighten spokes, pump tires, clean'),
(91844, 'BQ0195', '250km maintenance BQ0195 (2345.49km)', 'Kilometres: 2345.49<br>Tighten bolt bents, tighten spokes, pump tires, clean'),
(91845, 'BQ0102', '250km maintenance BQ0102 (2552.66km)', 'Kilometres: 2552.66<br>Tighten bolt bents, tighten spokes, pump tires, clean'),
(91869, 'BQ0040', 'Powunity issue', '\n24/02/2024 12:17: Souren Arakelian updated issue, with status <b>Warehouse task</b>'),
(91939, 'BQ0043', '250km maintenance BQ0043 (2730.4km)', 'Kilometres: 2730.4<br>Tighten bolt bents, tighten spokes, pump tires, clean'),
(91969, 'BQ0232', '250km maintenance BQ0232 (1992.73km)', 'Kilometres: 1992.73<br>Tighten bolt bents, tighten spokes, pump tires, clean'),
(91988, 'BQ0107', '250km maintenance BQ0107 (2090.53km)', 'Kilometres: 2090.53<br>Tighten bolt bents, tighten spokes, pump tires, clean'),
(91990, 'BQ0094', '250km maintenance BQ0094 (2357.71km)', 'Kilometres: 2357.71<br>Tighten bolt bents, tighten spokes, pump tires, clean'),
(92016, 'BQ0215', '250km maintenance BQ0215 (2556.85km)', 'Kilometres: 2556.85<br>Tighten bolt bents, tighten spokes, pump tires, clean'),
(92021, 'BQ0255', 'Bankje verf laat los (komt op kleding)', ''),
(92168, 'BQ1021', '250km maintenance BQ1021 (1686.96km)', 'Kilometres: 1686.96<br>Tighten bolt bents, tighten spokes, pump tires, clean'),
(92280, 'BQ0181', '250km maintenance BQ0181 (2264.65km)', 'Kilometres: 2264.65<br>Tighten bolt bents, tighten spokes, pump tires, clean'),
(92328, 'BQ0589', '250km maintenance BQ0589 (1912.94km)', 'Kilometres: 1912.94<br>Tighten bolt bents, tighten spokes, pump tires, clean'),
(92330, 'BQ0235', '250km maintenance BQ0235 (2363.11km)', 'Kilometres: 2363.11<br>Tighten bolt bents, tighten spokes, pump tires, clean'),
(92341, 'BQ0263', '250km maintenance BQ0263 (4375.07km)', 'Kilometres: 4375.07\r\nTighten bolt bents, tighten spokes, pump tires, clean\n09/02/2024 13:53: Solmaz updated issue, with status <b>Warehouse task</b>'),
(92378, 'BQ0549', '250km maintenance BQ0549 (1832.93km)', 'Kilometres: 1832.93<br>Tighten bolt bents, tighten spokes, pump tires, clean'),
(92379, 'BQ0212', '250km maintenance BQ0212 (2519.38km)', 'Kilometres: 2519.38<br>Tighten bolt bents, tighten spokes, pump tires, clean'),
(92380, 'BQ0193', '250km maintenance BQ0193 (2664.06km)', 'Kilometres: 2664.06<br>Tighten bolt bents, tighten spokes, pump tires, clean'),
(92537, 'BQ0115', '250km maintenance BQ0115 (2478.62km)', 'Kilometres: 2478.62<br>Tighten bolt bents, tighten spokes, pump tires, clean'),
(92580, 'BQ1032', '250km maintenance BQ1032 (2117.4km)', 'Kilometres: 2117.4<br>Tighten bolt bents, tighten spokes, pump tires, clean'),
(92666, 'BQ1037', '250km maintenance BQ1037 (1225.5km)', 'Kilometres: 1225.5<br>Tighten bolt bents, tighten spokes, pump tires, clean'),
(92726, 'BQ0100', '250km maintenance BQ0100 (2694.74km)', 'Kilometres: 2694.74<br>Tighten bolt bents, tighten spokes, pump tires, clean'),
(92748, 'BQ1041', '250km maintenance BQ1041 (1957.16km)', 'Kilometres: 1957.16<br>Tighten bolt bents, tighten spokes, pump tires, clean');
INSERT INTO `wh_issues` (`id`, `name`, `title`, `content`) VALUES
(92749, 'BQ0562', '250km maintenance BQ0562 (3479.53km)', 'Kilometres: 3479.53\r\nTighten bolt bents, tighten spokes, pump tires, clean\n09/02/2024 13:49: Solmaz updated issue, with status <b>Warehouse task</b>'),
(92750, 'BQ0238', '250km maintenance BQ0238 (2051.28km)', 'Kilometres: 2051.28<br>Tighten bolt bents, tighten spokes, pump tires, clean'),
(92751, 'BQ0131', '250km maintenance BQ0131 (2231.7km)', 'Kilometres: 2231.7<br>Tighten bolt bents, tighten spokes, pump tires, clean'),
(92752, 'BQ0213', '250km maintenance BQ0213 (2565.37km)', 'Kilometres: 2565.37<br>Tighten bolt bents, tighten spokes, pump tires, clean'),
(92753, 'BQ0203', '250km maintenance BQ0203 (2621.94km)', 'Kilometres: 2621.94<br>Tighten bolt bents, tighten spokes, pump tires, clean'),
(92754, 'BQ0169', '250km maintenance BQ0169 (2587.72km)', 'Kilometres: 2587.72<br>Tighten bolt bents, tighten spokes, pump tires, clean'),
(92817, 'BQ0072', 'knopjes display', ''),
(92834, 'BQ0533', '250km maintenance BQ0533 (251.59km)', 'Kilometres: 251.59<br>Tighten bolt bents, tighten spokes, pump tires, clean'),
(92838, 'BQ0138', '250km maintenance BQ0138 (22546.15km)', 'Kilometres: 22546.15<br>Tighten bolt bents, tighten spokes, pump tires, clean'),
(92839, 'BQ0101', '250km maintenance BQ0101 (2606.6km)', 'Kilometres: 2606.6<br>Tighten bolt bents, tighten spokes, pump tires, clean'),
(92939, 'BQ1000', '250km maintenance BQ1000 (726.92km)', 'Kilometres: 726.92<br>Tighten bolt bents, tighten spokes, pump tires, clean'),
(92940, 'BQ0165', '250km maintenance BQ0165 (2598.81km)', 'Kilometres: 2598.81<br>Tighten bolt bents, tighten spokes, pump tires, clean'),
(92991, 'BQ0156', '250km maintenance BQ0156 (1679.58km)', 'Kilometres: 1679.58<br>Tighten bolt bents, tighten spokes, pump tires, clean'),
(93069, 'BQ0198', '250km maintenance BQ0198 (2561.44km)', 'Kilometres: 2561.44<br>Tighten bolt bents, tighten spokes, pump tires, clean'),
(93070, 'BQ0108', '250km maintenance BQ0108 (2445.89km)', 'Kilometres: 2445.89<br>Tighten bolt bents, tighten spokes, pump tires, clean'),
(93086, 'BQ0238', 'Display blijft aan', ''),
(93146, 'BQ0162', '250km maintenance BQ0162 (2310.84km)', 'Kilometres: 2310.84<br>Tighten bolt bents, tighten spokes, pump tires, clean'),
(93147, 'BQ0130', '250km maintenance BQ0130 (2565.67km)', 'Kilometres: 2565.67<br>Tighten bolt bents, tighten spokes, pump tires, clean'),
(93158, 'BQ0523', '250km maintenance BQ0523 (1898.22km)', 'Kilometres: 1898.22<br>Tighten bolt bents, tighten spokes, pump tires, clean'),
(93179, 'BQ1005', '250km maintenance BQ1005 (1826.01km)', 'Kilometres: 1826.01\r\nTighten bolt bents, tighten spokes, pump tires, clean\n09/02/2024 14:21: Solmaz updated issue, with status <b>Warehouse task</b>'),
(93180, 'BQ0140', '250km maintenance BQ0140 (2097.4km)', 'Kilometres: 2097.4<br>Tighten bolt bents, tighten spokes, pump tires, clean'),
(93181, 'BQ0123', '250km maintenance BQ0123 (2667.86km)', 'Kilometres: 2667.86<br>Tighten bolt bents, tighten spokes, pump tires, clean'),
(93182, 'BQ0078', '250km maintenance BQ0078 (1882.44km)', 'Kilometres: 1882.44<br>Tighten bolt bents, tighten spokes, pump tires, clean'),
(93202, 'BQ1000', 'Achterspatbord los', '19/01/2024 10:14: Souren Arakelian updated issue, with status <b>Fixed</b>\n19/01/2024 10:16: Souren Arakelian updated issue, with status <b>Warehouse task</b>'),
(93292, 'BQ0583', '250km maintenance BQ0583 (1878.84km)', 'Kilometres: 1878.84<br>Tighten bolt bents, tighten spokes, pump tires, clean'),
(93293, 'BQ0239', '250km maintenance BQ0239 (1154.49km)', 'Kilometres: 1154.49<br>Tighten bolt bents, tighten spokes, pump tires, clean'),
(93294, 'BQ0211', '250km maintenance BQ0211 (2854.89km)', 'Kilometres: 2854.89<br>Tighten bolt bents, tighten spokes, pump tires, clean'),
(93295, 'BQ0048', '250km maintenance BQ0048 (2166.58km)', 'Kilometres: 2166.58<br>Tighten bolt bents, tighten spokes, pump tires, clean'),
(93301, 'BQ0033', '250km maintenance BQ0033 (1567.37km)', 'Kilometres: 1567.37<br>Tighten bolt bents, tighten spokes, pump tires, clean'),
(93350, 'BQ0226', '250km maintenance BQ0226 (1980.62km)', 'Kilometres: 1980.62<br>Tighten bolt bents, tighten spokes, pump tires, clean'),
(93381, 'BQ0144', '250km maintenance BQ0144 (2654.81km)', 'Kilometres: 2654.81<br>Tighten bolt bents, tighten spokes, pump tires, clean'),
(93400, 'BQ0095', '250km maintenance BQ0095 (2367.4km)', 'Kilometres: 2367.4<br>Tighten bolt bents, tighten spokes, pump tires, clean'),
(93454, 'BQ0521', '250km maintenance BQ0521 (250.83km)', 'Kilometres: 250.83<br>Tighten bolt bents, tighten spokes, pump tires, clean'),
(93533, 'BQ1025', 'Lock frame cut RHS', '\n01/02/2024 09:39: Eli de Haas updated issue, with status <b>Warehouse task</b>'),
(93587, 'BQ0703', '250km maintenance BQ0703 (1153.59km)', 'Kilometres: 1153.59\r\nTighten bolt bents, tighten spokes, pump tires, clean\n09/02/2024 13:31: Solmaz updated issue, with status <b>Warehouse task</b>'),
(93590, 'BQ0113', '250km maintenance BQ0113 (2616.17km)', 'Kilometres: 2616.17<br>Tighten bolt bents, tighten spokes, pump tires, clean'),
(93597, 'BQ1013', '250km maintenance BQ1013 (1926.73km)', 'Kilometres: 1926.73<br>Tighten bolt bents, tighten spokes, pump tires, clean'),
(93599, 'BQ0068', '250km maintenance BQ0068 (3444.35km)', 'Kilometres: 3444.35<br>Tighten bolt bents, tighten spokes, pump tires, clean'),
(93630, 'BQ1029', '250km maintenance BQ1029 (1709.53km)', 'Kilometres: 1709.53<br>Tighten bolt bents, tighten spokes, pump tires, clean'),
(93631, 'BQ0224', '250km maintenance BQ0224 (2715.87km)', 'Kilometres: 2715.87<br>Tighten bolt bents, tighten spokes, pump tires, clean'),
(93632, 'BQ0150', '250km maintenance BQ0150 (1598.79km)', 'Kilometres: 1598.79<br>Tighten bolt bents, tighten spokes, pump tires, clean'),
(93633, 'BQ0049', '250km maintenance BQ0049 (518.9km)', 'Kilometres: 518.9<br>Tighten bolt bents, tighten spokes, pump tires, clean'),
(93694, 'BQ0539', '250km maintenance BQ0539 (2681.67km)', 'Kilometres: 2681.67\r\nTighten bolt bents, tighten spokes, pump tires, clean\n09/02/2024 13:58: Solmaz updated issue, with status <b>Warehouse task</b>'),
(93695, 'BQ0154', '250km maintenance BQ0154 (2669.14km)', 'Kilometres: 2669.14<br>Tighten bolt bents, tighten spokes, pump tires, clean'),
(93710, 'BQ1024', '250km maintenance BQ1024 (1416.78km)', 'Kilometres: 1416.78<br>Tighten bolt bents, tighten spokes, pump tires, clean'),
(93711, 'BQ0116', '250km maintenance BQ0116 (2576.71km)', 'Kilometres: 2576.71<br>Tighten bolt bents, tighten spokes, pump tires, clean'),
(93749, 'BQ0044', '250km maintenance BQ0044 (1651.66km)', 'Kilometres: 1651.66<br>Tighten bolt bents, tighten spokes, pump tires, clean'),
(93808, 'BQ0265', '250km maintenance BQ0265 (1967.11km)', 'Kilometres: 1967.11<br>Tighten bolt bents, tighten spokes, pump tires, clean'),
(93830, 'BQ0090', '250km maintenance BQ0090 (2168.73km)', 'Kilometres: 2168.73<br>Tighten bolt bents, tighten spokes, pump tires, clean'),
(93838, 'BQ0201', '250km maintenance BQ0201 (2741.12km)', 'Kilometres: 2741.12\r\nTighten bolt bents, tighten spokes, pump tires, clean\r\n09/02/2024 13:09: Solmaz updated issue, with status <b>Warehouse task</b>\n09/02/2024 13:09: Solmaz updated issue, with status <b>Warehouse task</b>'),
(93888, 'BQ0201', 'zadel scheef', ''),
(93896, 'BQ0098', 'achterlicht kapot', ''),
(93905, 'BQ0142', '250km maintenance BQ0142 (2648.5km)', 'Kilometres: 2648.5<br>Tighten bolt bents, tighten spokes, pump tires, clean'),
(93975, 'BQ0519', '250km maintenance BQ0519 (2109.97km)', 'Kilometres: 2109.97<br>Tighten bolt bents, tighten spokes, pump tires, clean'),
(93977, 'BQ0058', '250km maintenance BQ0058 (2843.66km)', 'Kilometres: 2843.66\r\nTighten bolt bents, tighten spokes, pump tires, clean\r\n06/02/2024 08:35: Ibrahim Brim updated issue, with status <b>Urgent</b>\n06/02/2024 08:36: Ibrahim Brim updated issue, with status <b>Warehouse task</b>'),
(94670, 'BQ0170', '250km maintenance BQ0170 (3088.14km)', 'Kilometres: 3088.14<br>Tighten bolt bents, tighten spokes, pump tires, clean'),
(94671, 'BQ0105', '250km maintenance BQ0105 (5953.41km)', 'Kilometres: 5953.41\r\nTighten bolt bents, tighten spokes, pump tires, clean\n09/02/2024 14:17: Solmaz updated issue, with status <b>Warehouse task</b>'),
(94672, 'BQ0045', '250km maintenance BQ0045 (3472.3km)', 'Kilometres: 3472.3<br>Tighten bolt bents, tighten spokes, pump tires, clean'),
(95765, 'BQ0047', '250km maintenance BQ0047 (3803.33km)', 'Kilometres: 3803.33<br>Tighten bolt bents, tighten spokes, pump tires, clean'),
(97047, 'BQ0578', '250km maintenance BQ0578 (1862.11km)', 'Kilometres: 1862.11<br>Tighten bolt bents, tighten spokes, pump tires, clean'),
(97048, 'BQ0258', '250km maintenance BQ0258 (2601.7km)', 'Kilometres: 2601.7\r\nTighten bolt bents, tighten spokes, pump tires, clean\n09/02/2024 14:00: Solmaz updated issue, with status <b>Warehouse task</b>'),
(97049, 'BQ1046', '250km maintenance BQ1046 (2115.55km)', 'Kilometres: 2115.55\r\nTighten bolt bents, tighten spokes, pump tires, clean\n09/02/2024 14:02: Solmaz updated issue, with status <b>Warehouse task</b>'),
(97052, 'BQ0190', '250km maintenance BQ0190 (2166.4km)', 'Kilometres: 2166.4\r\nTighten bolt bents, tighten spokes, pump tires, clean\r\n09/02/2024 14:10: Solmaz updated issue, with status <b>Warehouse task</b>\n09/02/2024 14:11: Solmaz updated issue, with status <b>Warehouse task</b>'),
(97053, 'BQ0084', '250km maintenance BQ0084 (2037.29km)', 'Kilometres: 2037.29<br>Tighten bolt bents, tighten spokes, pump tires, clean'),
(98241, 'BQ1026', '250km maintenance BQ1026 (2216.9km)', 'Kilometres: 2216.9\r\nTighten bolt bents, tighten spokes, pump tires, clean\n09/02/2024 13:39: Solmaz updated issue, with status <b>Warehouse task</b>'),
(98243, 'BQ0132', '250km maintenance BQ0132 (2825.52km)', 'Kilometres: 2825.52\r\nTighten bolt bents, tighten spokes, pump tires, clean\n09/02/2024 14:06: Solmaz updated issue, with status <b>Warehouse task</b>'),
(98245, 'BQ0127', '250km maintenance BQ0127 (2812.81km)', 'Kilometres: 2812.81<br>Tighten bolt bents, tighten spokes, pump tires, clean'),
(99923, 'BQ0211', 'voorrem blokje bijna op', ''),
(100192, 'BQ0089', '250km maintenance BQ0089 (2153.42km)', 'Kilometres: 2153.42<br>Tighten bolt bents, tighten spokes, pump tires, clean'),
(100572, 'BQ0586', '250km maintenance BQ0586 (4135.39km)', 'Kilometres: 4135.39\r\nTighten bolt bents, tighten spokes, pump tires, clean\n09/02/2024 13:44: Solmaz updated issue, with status <b>Warehouse task</b>'),
(100573, 'BQ0147', '250km maintenance BQ0147 (2112.01km)', 'Kilometres: 2112.01\r\nTighten bolt bents, tighten spokes, pump tires, clean\n09/02/2024 13:03: Solmaz updated issue, with status <b>Warehouse task</b>'),
(100635, 'BQ0060', 'Display blijft aan', ''),
(100667, 'BQ0096', '250km maintenance BQ0096 (3127.5km)', 'Kilometres: 3127.5<br>Tighten bolt bents, tighten spokes, pump tires, clean'),
(100668, 'BQ0074', '250km maintenance BQ0074 (3080.07km)', 'Kilometres: 3080.07<br>Tighten bolt bents, tighten spokes, pump tires, clean'),
(100705, 'BQ0047', 'Display blijft aan', ''),
(100734, 'BQ0071', 'check ketting tikkend geluid', ''),
(100756, 'BQ0057', 'sticker', ''),
(100757, 'BQ0057', 'standaarddop', ''),
(100778, 'BQ0196', '250km maintenance BQ0196 (2610.12km)', 'Kilometres: 2610.12<br>Tighten bolt bents, tighten spokes, pump tires, clean'),
(100779, 'BQ0180', '250km maintenance BQ0180 (1379.38km)', 'Kilometres: 1379.38<br>Tighten bolt bents, tighten spokes, pump tires, clean'),
(100780, 'BQ0175', '250km maintenance BQ0175 (2732.53km)', 'Kilometres: 2732.53<br>Tighten bolt bents, tighten spokes, pump tires, clean'),
(100781, 'BQ0103', '250km maintenance BQ0103 (2610.44km)', 'Kilometres: 2610.44<br>Tighten bolt bents, tighten spokes, pump tires, clean'),
(100826, 'BQ0540', 'bel', ''),
(100835, 'BQ0186', '250km maintenance BQ0186 (2424.57km)', 'Kilometres: 2424.57<br>Tighten bolt bents, tighten spokes, pump tires, clean'),
(100836, 'BQ0099', '250km maintenance BQ0099 (2516.42km)', 'Kilometres: 2516.42<br>Tighten bolt bents, tighten spokes, pump tires, clean'),
(100837, 'BQ0064', '250km maintenance BQ0064 (3405.96km)', 'Kilometres: 3405.96<br>Tighten bolt bents, tighten spokes, pump tires, clean'),
(100916, 'BQ0544', '250km maintenance BQ0544 (504.9km)', 'Kilometres: 504.9<br>Tighten bolt bents, tighten spokes, pump tires, clean'),
(100917, 'BQ1028', '250km maintenance BQ1028 (764.21km)', 'Kilometres: 764.21<br>Tighten bolt bents, tighten spokes, pump tires, clean'),
(101000, 'BQ0141', '250km maintenance BQ0141 (2287.7km)', 'Kilometres: 2287.7<br>Tighten bolt bents, tighten spokes, pump tires, clean'),
(101001, 'BQ0111', '250km maintenance BQ0111 (2576.93km)', 'Kilometres: 2576.93<br>Tighten bolt bents, tighten spokes, pump tires, clean'),
(101066, 'BQ1014', '250km maintenance BQ1014 (2272.59km)', 'Kilometres: 2272.59<br>Tighten bolt bents, tighten spokes, pump tires, clean'),
(101068, 'BQ0158', '250km maintenance BQ0158 (2753.65km)', 'Kilometres: 2753.65<br>Tighten bolt bents, tighten spokes, pump tires, clean'),
(101080, 'BQ1025', 'Slot zit vast geschroefd aan 1 kant, andere kant zit vast met cable tie', '\n01/02/2024 09:40: Eli de Haas updated issue, with status <b>Warehouse task</b>'),
(101115, 'BQ0254', '250km maintenance BQ0254 (2185.27km)', 'Kilometres: 2185.27<br>Tighten bolt bents, tighten spokes, pump tires, clean'),
(101116, 'BQ1044', '250km maintenance BQ1044 (3189.02km)', 'Kilometres: 3189.02<br>Tighten bolt bents, tighten spokes, pump tires, clean'),
(101117, 'BQ0199', '250km maintenance BQ0199 (2526.89km)', 'Kilometres: 2526.89<br>Tighten bolt bents, tighten spokes, pump tires, clean'),
(101118, 'BQ0194', '250km maintenance BQ0194 (1834.33km)', 'Kilometres: 1834.33<br>Tighten bolt bents, tighten spokes, pump tires, clean'),
(101127, 'BQ0107', 'remmen bijna klaar', ''),
(101128, 'BQ0107', 'trilt achter', ''),
(101132, 'BQ0062', 'Vocht in display', '\n02/02/2024 10:41: Sven Velthuis updated issue, with status <b>Warehouse task</b>'),
(101170, 'BQ0089', 'spatbord achter ingedeukt', ''),
(101196, 'BQ0573', '250km maintenance BQ0573 (2176.79km)', 'Kilometres: 2176.79<br>Tighten bolt bents, tighten spokes, pump tires, clean'),
(101197, 'BQ0541', '250km maintenance BQ0541 (2925.31km)', 'Kilometres: 2925.31\r\nTighten bolt bents, tighten spokes, pump tires, clean\n09/02/2024 13:58: Solmaz updated issue, with status <b>Warehouse task</b>'),
(101198, 'BQ0145', '250km maintenance BQ0145 (2169.57km)', 'Kilometres: 2169.57<br>Tighten bolt bents, tighten spokes, pump tires, clean'),
(101247, 'BQ0561', '250km maintenance BQ0561 (1965.73km)', 'Kilometres: 1965.73<br>Tighten bolt bents, tighten spokes, pump tires, clean'),
(101248, 'BQ0168', '250km maintenance BQ0168 (1918.59km)', 'Kilometres: 1918.59<br>Tighten bolt bents, tighten spokes, pump tires, clean'),
(101249, 'BQ0117', '250km maintenance BQ0117 (783.13km)', 'Kilometres: 783.13<br>Tighten bolt bents, tighten spokes, pump tires, clean'),
(101321, 'BQ0230', '250km maintenance BQ0230 (1473.12km)', 'Kilometres: 1473.12<br>Tighten bolt bents, tighten spokes, pump tires, clean'),
(101322, 'BQ0071', '250km maintenance BQ0071 (3215.29km)', 'Kilometres: 3215.29<br>Tighten bolt bents, tighten spokes, pump tires, clean'),
(101333, 'BQ0518', '250km maintenance BQ0518 (520.29km)', 'Kilometres: 520.29<br>Tighten bolt bents, tighten spokes, pump tires, clean'),
(101372, 'BQ0122', '250km maintenance BQ0122 (2199.98km)', 'Kilometres: 2199.98<br>Tighten bolt bents, tighten spokes, pump tires, clean'),
(101373, 'BQ0080', '250km maintenance BQ0080 (3418.86km)', 'Kilometres: 3418.86\r\nTighten bolt bents, tighten spokes, pump tires, clean\n09/02/2024 14:19: Solmaz updated issue, with status <b>Warehouse task</b>'),
(101374, 'BQ0051', '250km maintenance BQ0051 (2973.23km)', 'Kilometres: 2973.23<br>Tighten bolt bents, tighten spokes, pump tires, clean'),
(101458, 'BQ0247', '250km maintenance BQ0247 (2492.22km)', 'Kilometres: 2492.22<br>Tighten bolt bents, tighten spokes, pump tires, clean'),
(101459, 'BQ0178', '250km maintenance BQ0178 (2325.06km)', 'Kilometres: 2325.06<br>Tighten bolt bents, tighten spokes, pump tires, clean'),
(101461, 'BQ0088', '250km maintenance BQ0088 (1843.07km)', 'Kilometres: 1843.07<br>Tighten bolt bents, tighten spokes, pump tires, clean'),
(101504, 'BQ0572', '250km maintenance BQ0572 (4829.93km)', 'Kilometres: 4829.93\r\nTighten bolt bents, tighten spokes, pump tires, clean\n09/02/2024 13:48: Solmaz updated issue, with status <b>Warehouse task</b>'),
(101505, 'BQ0094', '250km maintenance BQ0094 (2614.35km)', 'Kilometres: 2614.35<br>Tighten bolt bents, tighten spokes, pump tires, clean'),
(101568, 'BQ1039', '250km maintenance BQ1039 (1796.13km)', 'Kilometres: 1796.13<br>Tighten bolt bents, tighten spokes, pump tires, clean'),
(101569, 'BQ1007', '250km maintenance BQ1007 (1728.54km)', 'Kilometres: 1728.54<br>Tighten bolt bents, tighten spokes, pump tires, clean'),
(101570, 'BQ0520', '250km maintenance BQ0520 (1280.91km)', 'Kilometres: 1280.91<br>Tighten bolt bents, tighten spokes, pump tires, clean'),
(101571, 'BQ0214', '250km maintenance BQ0214 (3054.39km)', 'Kilometres: 3054.39<br>Tighten bolt bents, tighten spokes, pump tires, clean'),
(101572, 'BQ0106', '250km maintenance BQ0106 (1016.89km)', 'Kilometres: 1016.89<br>Tighten bolt bents, tighten spokes, pump tires, clean'),
(101573, 'BQ0085', '250km maintenance BQ0085 (2302.01km)', 'Kilometres: 2302.01<br>Tighten bolt bents, tighten spokes, pump tires, clean'),
(101599, 'BQ0503', '250km maintenance BQ0503 (2042.24km)', 'Kilometres: 2042.24<br>Tighten bolt bents, tighten spokes, pump tires, clean'),
(101600, 'BQ0038', '250km maintenance BQ0038 (3464.48km)', 'Kilometres: 3464.48<br>Tighten bolt bents, tighten spokes, pump tires, clean'),
(101633, 'BQ0265', 'qr sticker naam niet zichtbaar', ''),
(101667, 'BQ0174', 'remschijf voor loopt aan', ''),
(101674, 'BQ1011', '250km maintenance BQ1011 (1249.24km)', 'Kilometres: 1249.24<br>Tighten bolt bents, tighten spokes, pump tires, clean'),
(101676, 'BQ0206', '250km maintenance BQ0206 (2471.68km)', 'Kilometres: 2471.68<br>Tighten bolt bents, tighten spokes, pump tires, clean'),
(101691, 'BQ0559', '250km maintenance BQ0559 (512.28km)', 'Kilometres: 512.28<br>Tighten bolt bents, tighten spokes, pump tires, clean'),
(101692, 'BQ0538', '250km maintenance BQ0538 (2310.99km)', 'Kilometres: 2310.99<br>Tighten bolt bents, tighten spokes, pump tires, clean'),
(101693, 'BQ0129', '250km maintenance BQ0129 (1891.28km)', 'Kilometres: 1891.28<br>Tighten bolt bents, tighten spokes, pump tires, clean'),
(101694, 'BQ0043', '250km maintenance BQ0043 (2982.58km)', 'Kilometres: 2982.58<br>Tighten bolt bents, tighten spokes, pump tires, clean'),
(101759, 'BQ1019', '250km maintenance BQ1019 (1581.35km)', 'Kilometres: 1581.35<br>Tighten bolt bents, tighten spokes, pump tires, clean'),
(101760, 'BQ0245', '250km maintenance BQ0245 (7075km)', 'Kilometres: 7075<br>Tighten bolt bents, tighten spokes, pump tires, clean'),
(101761, 'BQ0070', '250km maintenance BQ0070 (2949.51km)', 'Kilometres: 2949.51<br>Tighten bolt bents, tighten spokes, pump tires, clean'),
(101786, 'BQ0053', '250km maintenance BQ0053 (3495.64km)', 'Kilometres: 3495.64<br>Tighten bolt bents, tighten spokes, pump tires, clean'),
(101792, 'BQ0113', '250km maintenance BQ0113 (2868.72km)', 'Kilometres: 2868.72<br>Tighten bolt bents, tighten spokes, pump tires, clean'),
(101825, 'BQ1023', 'voorband leeg', '\n01/03/2024 08:30: Souren Arakelian updated issue, with status <b>Warehouse task</b>'),
(101883, 'BQ0216', '250km maintenance BQ0216 (2090.66km)', 'Kilometres: 2090.66<br>Tighten bolt bents, tighten spokes, pump tires, clean'),
(101886, 'BQ0177', '250km maintenance BQ0177 (2442.97km)', 'Kilometres: 2442.97<br>Tighten bolt bents, tighten spokes, pump tires, clean'),
(101930, 'BQ0223', '250km maintenance BQ0223 (2198.18km)', 'Kilometres: 2198.18<br>Tighten bolt bents, tighten spokes, pump tires, clean'),
(101945, 'BQ1023', 'In wh', '\n01/03/2024 08:30: Souren Arakelian updated issue, with status <b>Warehouse task</b>'),
(102183, 'BQ0257', '250km maintenance BQ0257 (14198.44km)', 'Kilometres: 14198.44<br>Tighten bolt bents, tighten spokes, pump tires, clean'),
(102205, 'BQ1041', '250km maintenance BQ1041 (2318.44km)', 'Kilometres: 2318.44<br>Tighten bolt bents, tighten spokes, pump tires, clean'),
(102206, 'BQ1040', '250km maintenance BQ1040 (1158.81km)', 'Kilometres: 1158.81<br>Tighten bolt bents, tighten spokes, pump tires, clean'),
(102207, 'BQ1022', '250km maintenance BQ1022 (1524.82km)', 'Kilometres: 1524.82<br>Tighten bolt bents, tighten spokes, pump tires, clean'),
(102208, 'BQ1010', '250km maintenance BQ1010 (1883.98km)', 'Kilometres: 1883.98<br>Tighten bolt bents, tighten spokes, pump tires, clean'),
(102209, 'BQ1009', '250km maintenance BQ1009 (1386.68km)', 'Kilometres: 1386.68<br>Tighten bolt bents, tighten spokes, pump tires, clean'),
(102210, 'BQ1004', '250km maintenance BQ1004 (1657.11km)', 'Kilometres: 1657.11<br>Tighten bolt bents, tighten spokes, pump tires, clean'),
(102211, 'BQ1002', '250km maintenance BQ1002 (1559.06km)', 'Kilometres: 1559.06<br>Tighten bolt bents, tighten spokes, pump tires, clean');

--
-- Indexes for dumped tables
--

--
-- Indexes for table `gebruikers`
--
ALTER TABLE `gebruikers`
  ADD PRIMARY KEY (`gebruiker_id`),
  ADD UNIQUE KEY `gebruikersnaam` (`gebruikersnaam`);

--
-- Indexes for table `gps`
--
ALTER TABLE `gps`
  ADD PRIMARY KEY (`id`);

--
-- Indexes for table `joyride`
--
ALTER TABLE `joyride`
  ADD PRIMARY KEY (`name`);

--
-- Indexes for table `open_issues`
--
ALTER TABLE `open_issues`
  ADD PRIMARY KEY (`id`);

--
-- Indexes for table `vehicles`
--
ALTER TABLE `vehicles`
  ADD PRIMARY KEY (`id`);

--
-- Indexes for table `wh_issues`
--
ALTER TABLE `wh_issues`
  ADD PRIMARY KEY (`id`);

--
-- AUTO_INCREMENT for dumped tables
--

--
-- AUTO_INCREMENT for table `gebruikers`
--
ALTER TABLE `gebruikers`
  MODIFY `gebruiker_id` int(11) NOT NULL AUTO_INCREMENT, AUTO_INCREMENT=3;

--
-- AUTO_INCREMENT for table `open_issues`
--
ALTER TABLE `open_issues`
  MODIFY `id` int(6) UNSIGNED NOT NULL AUTO_INCREMENT, AUTO_INCREMENT=102395;

--
-- AUTO_INCREMENT for table `wh_issues`
--
ALTER TABLE `wh_issues`
  MODIFY `id` int(6) UNSIGNED NOT NULL AUTO_INCREMENT, AUTO_INCREMENT=102212;
COMMIT;

/*!40101 SET CHARACTER_SET_CLIENT=@OLD_CHARACTER_SET_CLIENT */;
/*!40101 SET CHARACTER_SET_RESULTS=@OLD_CHARACTER_SET_RESULTS */;
/*!40101 SET COLLATION_CONNECTION=@OLD_COLLATION_CONNECTION */;
